plant_id;date;video_name;start;end;recording_time;arrival;departure;duration;real_arrival;real_departure;spp;certainty;behav;no_fruits;indiv_obs;general_obs;observer
314;20181121;GP027435;9:53:00;11:39:30;1:46:30;1:20;1:31;0:11;10:18:00;10:18:11;Sylvia melanocephala;1;exploring/not feeding;;;;Elena Quintero
314;20181121;GP027435;9:53:00;11:39:30;1:46:30;2:18;2:19;0:01;10:18:58;10:18:59;Sylvia melanocephala;1;passing near;;;;Elena Quintero
314;20181121;GP027435;9:53:00;11:39:30;1:46:30;8:21;9:13;0:52;10:25:01;10:25:53;Sylvia melanocephala;1;NV/preening;;;;Elena Quintero
314;20181121;GP027435;9:53:00;11:39:30;1:46:30;9:41;9:45;0:04;10:26:21;10:26:25;Sylvia melanocephala;1;NV;;;;Elena Quintero
314;20181121;"GP027435; GP037435";9:53:00;11:39:30;1:46:30;11:04;12:10;1:06;10:27:44;10:28:50;Sylvia atricapilla;1;prob feeding;;;;Elena Quintero
314;20181121;GP037435;9:53:00;11:39:30;1:46:30;0:00;0:18;0:18;10:28:30;10:28:48;unkown;3;NV;;;;Elena Quintero
314;20181121;GP037435;9:53:00;11:39:30;1:46:30;1:22;1:26;0:04;10:29:52;10:29:56;unkown;3;NV;;behind;;Elena Quintero
314;20181121;GP037435;9:53:00;11:39:30;1:46:30;1:36;1:59;0:23;10:30:06;10:30:29;Sylvia atricapilla;2;NV;;song_identification;;Elena Quintero
314;20181121;GP037435;9:53:00;11:39:30;1:46:30;2:02;2:06;0:04;10:30:32;10:30:36;unkown;3;NV;;behind;;Elena Quintero
314;20181121;GP037435;9:53:00;11:39:30;1:46:30;4:55;5:08;0:13;10:33:25;10:33:38;Sylvia melanocephala;1;interacting/fighting;;;;Elena Quintero
314;20181121;GP037435;9:53:00;11:39:30;1:46:30;4:55;5:08;0:13;10:33:25;10:33:38;Sylvia melanocephala;1;interacting/fighting;;;;Elena Quintero
314;20181121;GP037435;9:53:00;11:39:30;1:46:30;5:27;5:56;0:29;10:33:57;10:34:26;Sylvia melanocephala;1;exploring/not feeding;;unidentified song -straling?;;Elena Quintero
314;20181121;GP037435;9:53:00;11:39:30;1:46:30;6:00;6:41;0:41;10:34:30;10:35:11;Sylvia atricapilla;2;prob feeding;;song_identification;;Elena Quintero
314;20181121;GP037435;9:53:00;11:39:30;1:46:30;8:10;8:27;0:17;10:36:40;10:36:57;Sylvia melanocephala;1;prob feeding;;;;Elena Quintero
314;20181121;GP037435;9:53:00;11:39:30;1:46:30;8:30;8:54;0:24;10:37:00;10:37:24;Sylvia melanocephala;1;prob feeding;;;;Elena Quintero
314;20181121;GP037435;9:53:00;11:39:30;1:46:30;10:12;10:22;0:10;10:38:42;10:38:52;unkown;3;NV;;;;Elena Quintero
314;20181121;GP057435;9:53:00;11:39:30;1:46:30;0:25;0:40;0:15;10:52:35;10:52:50;Erithacus rubecula;2;prob feeding;;song_identification;;Elena Quintero
314;20181121;GP057435;9:53:00;11:39:30;1:46:30;3:14;3:24;0:10;10:55:24;10:55:34;Erithacus rubecula;2;NV;;song_identification;;Elena Quintero
314;20181121;GP057435;9:53:00;11:39:30;1:46:30;7:22;7:55;0:33;10:59:32;11:00:05;unkown;3;prob feeding;;;;Elena Quintero
314;20181121;GP077435;9:53:00;11:39:30;1:46:30;5:50;6:20;0:30;11:21:40;11:22:10;Erithacus rubecula;1;exploring/not feeding;;;;Elena Quintero
314;20181121;GP077435;9:53:00;11:39:30;1:46:30;8:28;8:45;0:17;11:24:18;11:24:35;unkown;3;NV;;;;Elena Quintero
314;20181121;GP077435;9:53:00;11:39:30;1:46:30;9:12;9:33;0:21;11:25:02;11:25:23;unkown;3;NV;;;;Elena Quintero
314;20181121;GP087435;9:53:00;11:39:30;1:46:30;5:02;5:18;0:16;11:32:42;11:32:58;Sylvia melanocephala;2;prob feeding;;song_identification;;Elena Quintero
335;20181129;;11:44:00;13:08:00;1:24:00;;;;;;;;;;;no visits;Elena Quintero
315;20181130;GP017448;8:46:00;10:40:00;1:54:00;0:03;0:31;0:28;8:57:53;8:58:21;Erithacus rubecula;2;NV;;song_identification;;Elena Quintero
315;20181130;GP017448;8:46:00;10:40:00;1:54:00;0:08;3:37;3:29;8:57:58;9:01:27;Erithacus rubecula;1;perching;;perching, not eating;;Elena Quintero
315;20181130;GP017448;8:46:00;10:40:00;1:54:00;4:03;4:28;0:25;9:01:53;9:02:18;Erithacus rubecula;1;feeding;2;eats 2 fruits prob;;Elena Quintero
315;20181130;GP017448;8:46:00;10:40:00;1:54:00;4:45;4:54;0:09;9:02:35;9:02:44;Erithacus rubecula;1;feeding;2;eats 1 fruit prob;;Elena Quintero
315;20181130;GP017448;8:46:00;10:40:00;1:54:00;7:27;7:35;0:08;9:05:17;9:05:25;Sylvia melanocephala;1;exploring/not feeding;;;;Elena Quintero
315;20181130;GP027448;8:46:00;10:40:00;1:54:00;7:51;10:27;2:36;9:17:31;9:20:07;Erithacus rubecula;1;perching;;perching, not eating;;Elena Quintero
315;20181130;GP027448;8:46:00;10:40:00;1:54:00;8:39;9:07;0:28;9:18:19;9:18:47;Sylvia undata;2;feeding;1;song_identification;;Elena Quintero
315;20181130;GP037448;8:46:00;10:40:00;1:54:00;7:27;8:17;0:50;9:28:57;9:29:47;Sylvia melanocephala;1;feeding;2;;;Elena Quintero
315;20181130;GP037448;8:46:00;10:40:00;1:54:00;8:26;9:30;1:04;9:29:56;9:31:00;Erithacus rubecula;2;perching;;not sure, maybe S.atricapilla;;Elena Quintero
315;20181130;GP037448;8:46:00;10:40:00;1:54:00;9:53;10:27;0:34;9:31:23;9:31:57;Sylvia melanocephala;1;prob feeding;;;;Elena Quintero
315;20181130;GP047448;8:46:00;10:40:00;1:54:00;5:46;5:48;0:02;9:39:06;9:39:08;Phylloscopus collybita;2;NV;;not sure;;Elena Quintero
315;20181130;GP047448;8:46:00;10:40:00;1:54:00;6:56;7:22;0:26;9:40:16;9:40:42;Sylvia melanocephala;1;prob feeding;;;;Elena Quintero
315;20181130;GP047448;8:46:00;10:40:00;1:54:00;11:08;13:18;2:10;9:44:28;9:46:38;Erithacus rubecula;1;perching;;;;Elena Quintero
315;20181130;GP057448;8:46:00;10:40:00;1:54:00;1:29;1:48;0:19;9:46:39;9:46:58;Erithacus rubecula;1;NV;;;;Elena Quintero
315;20181130;GP057448;8:46:00;10:40:00;1:54:00;7:33;7:46;0:13;9:52:43;9:52:56;Erithacus rubecula;1;NV;;;;Elena Quintero
315;20181130;GP057448;8:46:00;10:40:00;1:54:00;8:09;8:42;0:33;9:53:19;9:53:52;Sylvia atricapilla;2;NV;;;;Elena Quintero
315;20181130;GP077448;8:46:00;10:40:00;1:54:00;7:11;7:37;0:26;10:16:01;10:16:27;Sylvia melanocephala;1;prob feeding;;;;Elena Quintero
315;20181130;GP077448;8:46:00;10:40:00;1:54:00;8:30;13:30;5:00;10:17:20;10:22:20;Erithacus rubecula;1;perching;;;;Elena Quintero
315;20181130;GP087448;8:46:00;10:40:00;1:54:00;1:06;1:50;0:44;10:21:46;10:22:30;Sylvia melanocephala;1;NV;;;;Elena Quintero
315;20181130;GP087448;8:46:00;10:40:00;1:54:00;2:22;2:51;0:29;10:23:02;10:23:31;Erithacus rubecula;1;feeding;1;;;Elena Quintero
315;20181130;GP087448;8:46:00;10:40:00;1:54:00;10:40;10:45;0:05;10:31:20;10:31:25;Sylvia melanocephala;1;exploring/not feeding;;;;Elena Quintero
315;20181130;GP087448;8:46:00;10:40:00;1:54:00;11:23;12:43;1:20;10:32:03;10:33:23;Erithacus rubecula;1;perching;;;;Elena Quintero
315;20181130;GP097448;8:46:00;10:40:00;1:54:00;1:17;1:54;0:37;10:33:47;10:34:24;Sylvia melanocephala;1;prob feeding, interacting;;;;Elena Quintero
315;20181130;GP097448;8:46:00;10:40:00;1:54:00;1:49;1:54;0:05;10:34:19;10:34:24;Sylvia melanocephala;1;interacting;;;;Elena Quintero
315;20181130;GP097448;8:46:00;10:40:00;1:54:00;7:10;7:43;0:33;10:39:40;10:40:13;Turdus philomelos;2;NV;;;;Elena Quintero
315;20181130;GP097448;8:46:00;10:40:00;1:54:00;6:36;7:24;0:48;10:39:06;10:39:54;Sylvia melanocephala;1;NV;;;;Elena Quintero
340;20181205;GP027450;8:46:00;10:42:00;1:56:00;5:34;5:54;0:20;9:15:14;9:15:34;Sylvia melanocephala;1;exploring/not feeding;;;;Elena Quintero
340;20181205;GP027450;8:46:00;10:42:00;1:56:00;5:36;5:55;0:19;9:15:16;9:15:35;Sylvia melanocephala;1;NV;;;;Elena Quintero
340;20181205;GP027450;8:46:00;10:42:00;1:56:00;5:41;6:08;0:27;9:15:21;9:15:48;Sylvia melanocephala;1;prob feeding;;;;Elena Quintero
340;20181205;GP027450;8:46:00;10:42:00;1:56:00;5:47;6:09;0:22;9:15:27;9:15:49;Sylvia melanocephala;1;exploring/not feeding;;;;Elena Quintero
340;20181205;GP027450;8:46:00;10:42:00;1:56:00;6:47;6:57;0:10;9:16:27;9:16:37;unkown;3;NV;;;;Elena Quintero
340;20181205;GP027450;8:46:00;10:42:00;1:56:00;6:53;7:05;0:12;9:16:33;9:16:45;unkown;3;NV;;;;Elena Quintero
340;20181205;GP027450;8:46:00;10:42:00;1:56:00;7:51;8:12;0:21;9:17:31;9:17:52;unkown;3;prob feeding;;;;Elena Quintero
340;20181205;GP027450;8:46:00;10:42:00;1:56:00;9:31;10:33;1:02;9:19:11;9:20:13;Erithacus rubecula;2;NV;;song_identification;;Elena Quintero
340;20181205;GP027450;8:46:00;10:42:00;1:56:00;10:41;12:03;1:22;9:20:21;9:21:43;Sylvia melanocephala;1;NV;;song_identification;;Elena Quintero
340;20181205;GP027450;8:46:00;10:42:00;1:56:00;11:26;12:03;0:37;9:21:06;9:21:43;Sylvia melanocephala;1;NV;;;;Elena Quintero
340;20181205;GP037450;8:46:00;10:42:00;1:56:00;4:38;4:58;0:20;9:26:08;9:26:28;Sylvia melanocephala;1;exploring/not feeding;;;;Elena Quintero
340;20181205;GP037450;8:46:00;10:42:00;1:56:00;6:30;6:42;0:12;9:28:00;9:28:12;Sylvia undata;2;exploring/not feeding;;;;Elena Quintero
340;20181205;GP037450;8:46:00;10:42:00;1:56:00;7:39;8:02;0:23;9:29:09;9:29:32;Erithacus rubecula;2;NV;;;;Elena Quintero
340;20181205;GP037450;8:46:00;10:42:00;1:56:00;9:16;9:50;0:34;9:30:46;9:31:20;Phylloscopus collybita;2;NV;;;;Elena Quintero
340;20181205;GP047450;8:46:00;10:42:00;1:56:00;0:00;0:30;0:30;9:33:20;9:33:50;Erithacus rubecula;1;NV;;;;Elena Quintero
340;20181205;GP047450;8:46:00;10:42:00;1:56:00;9:24;9:36;0:12;9:42:44;9:42:56;Erithacus rubecula;2;prob feeding;;song_identification;;Elena Quintero
340;20181205;GP057450;8:46:00;10:42:00;1:56:00;2:12;3:36;1:24;9:47:22;9:48:46;Sylvia melanocephala;1;NV/preening;;;;Elena Quintero
340;20181205;GP067450;8:46:00;10:42:00;1:56:00;2:00;2:18;0:18;9:59:00;9:59:18;Sylvia melanocephala;2;NV;;;;Elena Quintero
322;20181210;GP047453;11:26:00;11:29:15;0:03:15;3:56;3:59;0:03;12:17:16;12:17:19;Turdus merula;1;passing near;;Eats fruit of Olea behind ;camera fell backwards during the firsts minutes, only visible top part of the plant, only considered 3 first minutes;Elena Quintero
320;20181211;GP007456;9:05:00;10:47:00;1:42:00;1:52;2:03;0:11;9:06:52;9:07:03;unkown;3;NV;;;;Elena Quintero
320;20181211;GP007456;9:05:00;10:47:00;1:42:00;11:34;11:36;0:02;9:16:34;9:16:36;Sylvia atricapilla;2;exploring/not feeding;;;;Elena Quintero
320;20181211;GP027456;9:05:00;10:47:00;1:42:00;5:51;6:20;0:29;9:34:31;9:35:00;Sylvia atricapilla;2;perching;;mostly in Olea behind;;Elena Quintero
320;20181211;GP037456;9:05:00;10:47:00;1:42:00;4:38;4:47;0:09;9:45:08;9:45:17;unkown;3;exploring/not feeding;;;;Elena Quintero
320;20181211;GP037456;9:05:00;10:47:00;1:42:00;7:54;8:14;0:20;9:48:24;9:48:44;unkown;3;perching;;re-listen, possible identification;;Elena Quintero
320;20181211;GP047456;9:05:00;10:47:00;1:42:00;6:35;6:54;0:19;9:58:55;9:59:14;Sylvia atricapilla;1;feeding;1;;;Elena Quintero
320;20181211;GP047456;9:05:00;10:47:00;1:42:00;11:28;11:32;0:04;10:03:48;10:03:52;Erithacus rubecula;2;NV;;song_identification;;Elena Quintero
320;20181211;GP057456;9:05:00;10:47:00;1:42:00;1:14;1:47;0:33;10:05:24;10:05:57;Sylvia melanocephala;1;feeding;2;;;Elena Quintero
320;20181211;GP077456;9:05:00;10:47:00;1:42:00;0:06;0:18;0:12;10:27:56;10:28:08;unkown;3;NV;;;;Elena Quintero
320;20181211;GP087456;9:05:00;10:47:00;1:42:00;1:12;1:23;0:11;10:40:52;10:41:03;unkown;3;NV;;;;Elena Quintero
321;20181212;GP007501;12:57:00;14:51:00;1:54:00;6:46;7:05;0:19;13:03:46;13:04:05;Sylvia melanocephala;1;exploring/not feeding;;;;Elena Quintero
321;20181212;GP007501;12:57:00;14:51:00;1:54:00;8:05;8:17;0:12;13:05:05;13:05:17;Erithacus rubecula;1;NV;;;;Elena Quintero
321;20181212;GP027501;12:57:00;14:51:00;1:54:00;3:19;3:34;0:15;13:23:59;13:24:14;Sylvia melanocephala;2;NV;;;;Elena Quintero
321;20181212;GP027501;12:57:00;14:51:00;1:54:00;10:52;11:03;0:11;13:31:32;13:31:43;Sylvia melanocephala;1;perching;;;;Elena Quintero
321;20181212;GP077501;12:57:00;14:51:00;1:54:00;6:45;6:52;0:07;14:26:35;14:26:42;unkown;3;NV;;;;Elena Quintero
321;20181212;GP077501;12:57:00;14:51:00;1:54:00;6:58;7:01;0:03;14:26:48;14:26:51;unkown;3;NV;;;;Elena Quintero
321;20181212;GP077501;12:57:00;14:51:00;1:54:00;6:58;7:08;0:10;14:26:48;14:26:58;Erithacus rubecula;1;NV;;;;Elena Quintero
321;20181212;GP077501;12:57:00;14:51:00;1:54:00;8:35;9:00;0:25;14:28:25;14:28:50;Erithacus rubecula;1;NV;;;;Elena Quintero
321;20181212;GP087501;12:57:00;14:51:00;1:54:00;9:45;10:09;0:24;14:41:25;14:41:49;Sylvia atricapilla;1;prob feeding;;good for visit example;;Elena Quintero
310;20181213;GP017502;10:39:00;12:39:00;2:00:00;0:39;1:28;0:49;10:51:29;10:52:18;Sylvia melanocephala;1;feeding;1;;windy;Elena Quintero
310;20181213;GP017502;10:39:00;12:39:00;2:00:00;1:47;2:15;0:28;10:52:37;10:53:05;Sylvia melanocephala;1;prob feeding;;;windy;Elena Quintero
310;20181213;GP017502;10:39:00;12:39:00;2:00:00;2:26;2:41;0:15;10:53:16;10:53:31;Sylvia melanocephala;1;NV;;;windy;Elena Quintero
310;20181213;GP017502;10:39:00;12:39:00;2:00:00;9:25;10:05;0:40;11:00:15;11:00:55;Sylvia melanocephala;1;NV;;;windy;Elena Quintero
310;20181213;GP017502;10:39:00;12:39:00;2:00:00;10:24;10:33;0:09;11:01:14;11:01:23;Sylvia melanocephala;1;NV;;;windy;Elena Quintero
310;20181213;GP047502;10:39:00;12:39:00;2:00:00;2:49;3:25;0:36;11:29:09;11:29:45;Sylvia melanocephala;1;exploring/not feeding;;;windy;Elena Quintero
310;20181213;GP047502;10:39:00;12:39:00;2:00:00;3:50;4:07;0:17;11:30:10;11:30:27;Sylvia melanocephala;2;prob feeding;;;windy;Elena Quintero
310;20181213;GP057502;10:39:00;12:39:00;2:00:00;0:34;1:22;0:48;11:38:44;11:39:32;Sylvia melanocephala;1;prob feeding;1;;windy;Elena Quintero
310;20181213;GP057502;10:39:00;12:39:00;2:00:00;2:53;3:47;0:54;11:41:03;11:41:57;Sylvia melanocephala;1;NV;;;windy;Elena Quintero
310;20181213;GP067502;10:39:00;12:39:00;2:00:00;10:52;12:41;1:49;12:00:52;12:02:41;Sylvia melanocephala;1;feeding;2;;windy;Elena Quintero
310;20181213;GP067502;10:39:00;12:39:00;2:00:00;11:38;12:33;0:55;12:01:38;12:02:33;Sylvia melanocephala;1;prob feeding;;;windy;Elena Quintero
310;20181213;GP077502;10:39:00;12:39:00;2:00:00;6:17;6:30;0:13;12:08:07;12:08:20;Sylvia melanocephala;1;NV;;;windy;Elena Quintero
310;20181213;GP077502;10:39:00;12:39:00;2:00:00;10:06;11:36;1:30;12:11:56;12:13:26;Sylvia melanocephala;1;NV;;;windy;Elena Quintero
310;20181213;GP087502;10:39:00;12:39:00;2:00:00;5:39;5:45;0:06;12:19:19;12:19:25;Sylvia melanocephala;1;NV;;;windy;Elena Quintero
310;20181213;GP097502;10:39:00;12:39:00;2:00:00;1:13;2:33;1:20;12:26:43;12:28:03;Sylvia melanocephala;1;feeding;4;;windy;Elena Quintero
311;20181217;GP017519;12:54:00;14:40:30;1:46:30;0:45;0:56;0:11;13:06:35;13:06:46;Sylvia melanocephala;1;NV;;;windy;Elena Quintero
311;20181217;GP047519;12:54:00;14:40:30;1:46:30;0:25;0:30;0:05;13:41:45;13:41:50;unkown;3;NV;;;windy;Elena Quintero
311;20181217;GP077519;12:54:00;14:40:30;1:46:30;7:58;8:13;0:15;14:24:48;14:25:03;Sylvia melanocephala;2;NV;;;windy;Elena Quintero
311;20181217;GP077519;12:54:00;14:40:30;1:46:30;9:32;9:39;0:07;14:26:22;14:26:29;unkown;3;NV;;;windy;Elena Quintero
311;20181217;GP087519;12:54:00;14:40:30;1:46:30;9:33;9:48;0:15;14:38:13;14:38:28;Sylvia melanocephala;1;exploring/not feeding;;;windy;Elena Quintero
311;20181217;GP087519;12:54:00;14:40:30;1:46:30;10:25;10:28;0:03;14:39:05;14:39:08;unkown;3;NV;;;windy;Elena Quintero
311;20181217;GP087519;12:54:00;14:40:30;1:46:30;10:50;11:10;0:20;14:39:30;14:39:50;Sylvia melanocephala;1;exploring/not feeding;;;windy;Elena Quintero
319;20181218;GP027521;9:12:00;11:10:20;1:58:20;2:24;2:34;0:10;9:38:04;9:38:14;Sylvia melanocephala;1;exploring/not feeding;;;;Elena Quintero
319;20181218;GP027521;9:12:00;11:10:20;1:58:20;5:24;5:42;0:18;9:41:04;9:41:22;Erithacus rubecula;1;NV;;;;Elena Quintero
319;20181218;GP027521;9:12:00;11:10:20;1:58:20;10:13;12:00;1:47;9:45:53;9:47:40;Sylvia undata;2;prob feeding;;;;Elena Quintero
319;20181218;GP037521;9:12:00;11:10:20;1:58:20;4:38;4:42;0:04;9:52:08;9:52:12;Erithacus rubecula;2;exploring/not feeding;;;;Elena Quintero
319;20181218;GP037521;9:12:00;11:10:20;1:58:20;9:07;9:25;0:18;9:56:37;9:56:55;Sylvia melanocephala;2;prob feeding;;;;Elena Quintero
319;20181218;GP047521;9:12:00;11:10:20;1:58:20;0:00;0:11;0:11;9:59:20;9:59:31;Erithacus rubecula;1;perching;;;;Elena Quintero
319;20181218;GP047521;9:12:00;11:10:20;1:58:20;0:30;0:42;0:12;9:59:50;10:00:02;Erithacus rubecula;2;NV;;rewatch;;Elena Quintero
319;20181218;GP047521;9:12:00;11:10:20;1:58:20;6:12;6:54;0:42;10:05:32;10:06:14;Sylvia melanocephala;1;prob feeding;;;;Elena Quintero
319;20181218;GP047521;9:12:00;11:10:20;1:58:20;8:37;9:33;0:56;10:07:57;10:08:53;Sylvia melanocephala;1;NV;;;;Elena Quintero
319;20181218;GP057521;9:12:00;11:10:20;1:58:20;4:24;4:47;0:23;10:15:34;10:15:57;Sylvia melanocephala;1;NV;;;;Elena Quintero
319;20181218;GP067521;9:12:00;11:10:20;1:58:20;0:31;2:16;1:45;10:23:31;10:25:16;Sylvia melanocephala;1;prob feeding;;;;Elena Quintero
319;20181218;GP077521;9:12:00;11:10:20;1:58:20;0:33;1:34;1:01;10:35:23;10:36:24;Erithacus rubecula;1;feeding;2;;;Elena Quintero
319;20181218;GP077521;9:12:00;11:10:20;1:58:20;10:17;10:31;0:14;10:45:07;10:45:21;Erithacus rubecula;1;NV;;;;Elena Quintero
319;20181218;GP087521;9:12:00;11:10:20;1:58:20;1:23;1:29;0:06;10:48:03;10:48:09;Sylvia melanocephala;2;exploring/not feeding;;;;Elena Quintero
319;20181218;GP087521;9:12:00;11:10:20;1:58:20;3:34;4:10;0:36;10:50:14;10:50:50;Erithacus rubecula;2;NV;;;;Elena Quintero
319;20181218;GP087521;9:12:00;11:10:20;1:58:20;9:14;9:25;0:11;10:55:54;10:56:05;Erithacus rubecula;2;NV;;;;Elena Quintero
319;20181218;GP087521;9:12:00;11:10:20;1:58:20;11:07;11:45;0:38;10:57:47;10:58:25;Sylvia melanocephala;1;feeding;2;;;Elena Quintero
319;20181218;GP087521;9:12:00;11:10:20;1:58:20;11:10;11:51;0:41;10:57:50;10:58:31;Sylvia atricapilla;2;NV;;maybe Sylvia borin;;Elena Quintero
319;20181218;GP097521;9:12:00;11:10:20;1:58:20;2:41;2:53;0:12;11:01:11;11:01:23;unkown;3;NV;;;;Elena Quintero
319;20181218;GP097521;9:12:00;11:10:20;1:58:20;2:53;2:59;0:06;11:01:23;11:01:29;unkown;3;NV;;;;Elena Quintero
319;20181218;GP097521;9:12:00;11:10:20;1:58:20;4:29;4:46;0:17;11:02:59;11:03:16;unkown;3;prob feeding;;;;Elena Quintero
319;20181218;GP097521;9:12:00;11:10:20;1:58:20;4:52;5:14;0:22;11:03:22;11:03:44;unkown;3;NV;;;;Elena Quintero
319;20181218;GP097521;9:12:00;11:10:20;1:58:20;7:52;8:45;0:53;11:06:22;11:07:15;Sylvia melanocephala;2;exploring/not feeding;;;;Elena Quintero
304;20181219;GP007522;9:27:00;11:27:00;2:00:00;4:04;4:18;0:14;9:31:04;9:31:18;unkown;3;NV;;;;Elena Quintero
304;20181219;GP007522;9:27:00;11:27:00;2:00:00;5:43;6:42;0:59;9:32:43;9:33:42;Sylvia melanocephala;1;NV;;;;Elena Quintero
304;20181219;GP007522;9:27:00;11:27:00;2:00:00;5:47;6:32;0:45;9:32:47;9:33:32;unkown;3;NV;;;;Elena Quintero
304;20181219;GP007522;9:27:00;11:27:00;2:00:00;6:13;6:30;0:17;9:33:13;9:33:30;Sylvia melanocephala;2;prob feeding;;song_identification;;Elena Quintero
304;20181219;GP007522;9:27:00;11:27:00;2:00:00;7:06;7:28;0:22;9:34:06;9:34:28;unkown;3;NV;;;;Elena Quintero
304;20181219;GP007522;9:27:00;11:27:00;2:00:00;7:48;8:37;0:49;9:34:48;9:35:37;unkown;3;NV;;;;Elena Quintero
304;20181219;GP007522;9:27:00;11:27:00;2:00:00;8:18;8:42;0:24;9:35:18;9:35:42;Erithacus rubecula;1;prob feeding;;;;Elena Quintero
304;20181219;GP007522;9:27:00;11:27:00;2:00:00;9:11;9:25;0:14;9:36:11;9:36:25;Erithacus rubecula;2;perching;;;;Elena Quintero
304;20181219;GP007522;9:27:00;11:27:00;2:00:00;9:40;10:23;0:43;9:36:40;9:37:23;Sylvia melanocephala;2;NV;;;;Elena Quintero
304;20181219;GP017522;9:27:00;11:27:00;2:00:00;2:59;3:41;0:42;9:41:49;9:42:31;Sylvia melanocephala;1;prob feeding;;;;Elena Quintero
304;20181219;GP017522;9:27:00;11:27:00;2:00:00;5:06;5:28;0:22;9:43:56;9:44:18;unkown;3;NV;;;;Elena Quintero
304;20181219;GP017522;9:27:00;11:27:00;2:00:00;5:35;6:01;0:26;9:44:25;9:44:51;unkown;3;NV;;;;Elena Quintero
304;20181219;GP017522;9:27:00;11:27:00;2:00:00;5:40;6:46;1:06;9:44:30;9:45:36;Sylvia melanocephala;2;NV;;song_identification;;Elena Quintero
304;20181219;GP017522;9:27:00;11:27:00;2:00:00;6:44;6:51;0:07;9:45:34;9:45:41;Sylvia melanocephala;2;NV;;;;Elena Quintero
304;20181219;GP017522;9:27:00;11:27:00;2:00:00;8:42;9:45;1:03;9:47:32;9:48:35;Sylvia melanocephala;2;NV;;;;Elena Quintero
304;20181219;GP017522;9:27:00;11:27:00;2:00:00;8:49;9:40;0:51;9:47:39;9:48:30;Sylvia melanocephala;1;NV;;;;Elena Quintero
304;20181219;GP017522;9:27:00;11:27:00;2:00:00;11:12;11:41;0:29;9:50:02;9:50:31;unkown;3;NV;;;;Elena Quintero
304;20181219;GP017522;9:27:00;11:27:00;2:00:00;11:44;11:57;0:13;9:50:34;9:50:47;unkown;3;NV;;;;Elena Quintero
304;20181219;GP027522;9:27:00;11:27:00;2:00:00;2:16;2:46;0:30;9:52:56;9:53:26;unkown;3;NV;;;;Elena Quintero
304;20181219;GP027522;9:27:00;11:27:00;2:00:00;7:12;8:40;1:28;9:57:52;9:59:20;Erithacus rubecula;1;NV;;song_identification;;Elena Quintero
304;20181219;GP037522;9:27:00;11:27:00;2:00:00;1:49;1:54;0:05;10:04:19;10:04:24;unkown;3;NV;;;;Elena Quintero
304;20181219;GP037522;9:27:00;11:27:00;2:00:00;3:47;4:17;0:30;10:06:17;10:06:47;Erithacus rubecula;1;NV;;;;Elena Quintero
304;20181219;GP037522;9:27:00;11:27:00;2:00:00;5:48;7:23;1:35;10:08:18;10:09:53;Sylvia melanocephala;1;prob feeding;;;;Elena Quintero
304;20181219;GP037522;9:27:00;11:27:00;2:00:00;6:26;6:32;0:06;10:08:56;10:09:02;Sylvia melanocephala;1;exploring/not feeding;;;;Elena Quintero
304;20181219;GP037522;9:27:00;11:27:00;2:00:00;7:53;8:14;0:21;10:10:23;10:10:44;unkown;3;NV;;;;Elena Quintero
304;20181219;GP037522;9:27:00;11:27:00;2:00:00;8:00;8:22;0:22;10:10:30;10:10:52;Sylvia melanocephala;2;NV;;;;Elena Quintero
304;20181219;GP037522;9:27:00;11:27:00;2:00:00;8:04;8:34;0:30;10:10:34;10:11:04;Sylvia melanocephala;1;prob feeding;;;;Elena Quintero
304;20181219;GP037522;9:27:00;11:27:00;2:00:00;8:12;8:37;0:25;10:10:42;10:11:07;Sylvia melanocephala;2;NV;;;;Elena Quintero
304;20181219;GP037522;9:27:00;11:27:00;2:00:00;8:54;9:05;0:11;10:11:24;10:11:35;unkown;3;NV;;;;Elena Quintero
304;20181219;GP037522;9:27:00;11:27:00;2:00:00;9:43;10:40;0:57;10:12:13;10:13:10;Sylvia melanocephala;1;feeding;1;;;Elena Quintero
304;20181219;GP047522;9:27:00;11:27:00;2:00:00;1:22;1:32;0:10;10:15:42;10:15:52;Erithacus rubecula;1;perching;;;;Elena Quintero
304;20181219;GP057522;9:27:00;11:27:00;2:00:00;0:20;0:30;0:10;10:26:30;10:26:40;Sylvia melanocephala;1;exploring/not feeding;;;;Elena Quintero
304;20181219;GP057522;9:27:00;11:27:00;2:00:00;0:23;1:03;0:40;10:26:33;10:27:13;Sylvia melanocephala;1;NV;;;;Elena Quintero
304;20181219;GP057522;9:27:00;11:27:00;2:00:00;1:50;2:50;1:00;10:28:00;10:29:00;Sylvia melanocephala;1;feeding;3;strange call;;Elena Quintero
304;20181219;GP057522;9:27:00;11:27:00;2:00:00;2:33;3:27;0:54;10:28:43;10:29:37;Sylvia atricapilla;2;prob feeding;1;;;Elena Quintero
304;20181219;GP057522;9:27:00;11:27:00;2:00:00;3:31;3:53;0:22;10:29:41;10:30:03;unkown;3;NV;;;;Elena Quintero
304;20181219;GP057522;9:27:00;11:27:00;2:00:00;5:23;5:53;0:30;10:31:33;10:32:03;Erithacus rubecula;1;NV;;;;Elena Quintero
304;20181219;GP057522;9:27:00;11:27:00;2:00:00;7:18;7:40;0:22;10:33:28;10:33:50;unkown;3;NV;;;;Elena Quintero
304;20181219;GP057522;9:27:00;11:27:00;2:00:00;7:24;7:25;0:01;10:33:34;10:33:35;Erithacus rubecula;1;perching;;;;Elena Quintero
304;20181219;GP067522;9:27:00;11:27:00;2:00:00;1:25;1:41;0:16;10:39:25;10:39:41;Sylvia melanocephala;1;NV;;;;Elena Quintero
304;20181219;GP067522;9:27:00;11:27:00;2:00:00;3:35;3:57;0:22;10:41:35;10:41:57;Erithacus rubecula;1;NV;;;;Elena Quintero
304;20181219;GP067522;9:27:00;11:27:00;2:00:00;5:59;6:23;0:24;10:43:59;10:44:23;Erithacus rubecula;1;NV;;;;Elena Quintero
304;20181219;GP067522;9:27:00;11:27:00;2:00:00;7:42;8:20;0:38;10:45:42;10:46:20;Sylvia melanocephala;1;feeding;2;;;Elena Quintero
304;20181219;GP067522;9:27:00;11:27:00;2:00:00;7:44;8:11;0:27;10:45:44;10:46:11;Sylvia melanocephala;1;prob feeding;;;;Elena Quintero
304;20181219;GP067522;9:27:00;11:27:00;2:00:00;8:56;9:27;0:31;10:46:56;10:47:27;Sylvia melanocephala;1;prob feeding;;;;Elena Quintero
304;20181219;GP067522;9:27:00;11:27:00;2:00:00;10:05;10:46;0:41;10:48:05;10:48:46;Sylvia melanocephala;1;feeding;1;;;Elena Quintero
304;20181219;GP077522;9:27:00;11:27:00;2:00:00;0:40;0:43;0:03;10:50:30;10:50:33;Erithacus rubecula;1;exploring/not feeding;;;;Elena Quintero
304;20181219;GP077522;9:27:00;11:27:00;2:00:00;1:16;1:39;0:23;10:51:06;10:51:29;unkown;3;feeding;1;;;Elena Quintero
304;20181219;GP077522;9:27:00;11:27:00;2:00:00;5:18;5:19;0:01;10:55:08;10:55:09;unkown;3;perching;;something poses on top of the camera, a bird?;;Elena Quintero
304;20181219;GP077522;9:27:00;11:27:00;2:00:00;5:54;6:37;0:43;10:55:44;10:56:27;Sylvia melanocephala;1;prob feeding;;;;Elena Quintero
304;20181219;GP077522;9:27:00;11:27:00;2:00:00;6:38;7:54;1:16;10:56:28;10:57:44;Sylvia melanocephala;1;NV;;;;Elena Quintero
304;20181219;GP077522;9:27:00;11:27:00;2:00:00;8:09;8:41;0:32;10:57:59;10:58:31;unkown;3;NV;;;;Elena Quintero
304;20181219;GP077522;9:27:00;11:27:00;2:00:00;10:33;10:59;0:26;11:00:23;11:00:49;unkown;3;NV;;;;Elena Quintero
304;20181219;GP077522;9:27:00;11:27:00;2:00:00;11:26;12:00;0:34;11:01:16;11:01:50;Erithacus rubecula;1;NV;;;;Elena Quintero
304;20181219;GP087522;9:27:00;11:27:00;2:00:00;2:18;2:52;0:34;11:03:58;11:04:32;Erithacus rubecula;1;exploring/not feeding;;;;Elena Quintero
304;20181219;GP087522;9:27:00;11:27:00;2:00:00;2:51;3:52;1:01;11:04:31;11:05:32;Erithacus rubecula;1;feeding;3;;;Elena Quintero
304;20181219;GP087522;9:27:00;11:27:00;2:00:00;3:11;4:43;1:32;11:04:51;11:06:23;Sylvia undata;2;prob feeding;;;;Elena Quintero
304;20181219;GP087522;9:27:00;11:27:00;2:00:00;4:02;4:47;0:45;11:05:42;11:06:27;Erithacus rubecula;1;NV;;;;Elena Quintero
304;20181219;GP087522;9:27:00;11:27:00;2:00:00;4:50;5:06;0:16;11:06:30;11:06:46;Erithacus rubecula;1;perching;;;;Elena Quintero
304;20181219;GP087522;9:27:00;11:27:00;2:00:00;5:23;5:51;0:28;11:07:03;11:07:31;Erithacus rubecula;1;exploring/not feeding;;;;Elena Quintero
304;20181219;GP087522;9:27:00;11:27:00;2:00:00;7:36;8:00;0:24;11:09:16;11:09:40;Sylvia melanocephala;1;feeding;1;;;Elena Quintero
304;20181219;GP087522;9:27:00;11:27:00;2:00:00;7:48;13:43;5:55;11:09:28;11:15:23;Sylvia melanocephala;1;perching/preening;;longest stay;;Elena Quintero
304;20181219;GP087522;9:27:00;11:27:00;2:00:00;9:42;10:24;0:42;11:11:22;11:12:04;Sylvia melanocephala;2;NV;;;;Elena Quintero
304;20181219;GP087522;9:27:00;11:27:00;2:00:00;11:18;11:39;0:21;11:12:58;11:13:19;unkown;3;NV;;;;Elena Quintero
304;20181219;GP097522;9:27:00;11:27:00;2:00:00;4:12;4:22;0:10;11:17:42;11:17:52;Sylvia sp.;2;exploring/not feeding;;Sylvia melanocephala female?;;Elena Quintero
304;20181219;GP097522;9:27:00;11:27:00;2:00:00;5:28;5:54;0:26;11:18:58;11:19:24;Sylvia melanocephala;2;NV;;;;Elena Quintero
304;20181219;GP097522;9:27:00;11:27:00;2:00:00;6:12;6:48;0:36;11:19:42;11:20:18;Sylvia melanocephala;1;NV;;;;Elena Quintero
304;20181219;GP097522;9:27:00;11:27:00;2:00:00;7:49;8:02;0:13;11:21:19;11:21:32;Sylvia sp.;2;NV;;Sylvia melanocephala female?;;Elena Quintero
304;20181219;GP097522;9:27:00;11:27:00;2:00:00;11:01;11:44;0:43;11:24:31;11:25:14;unkown;3;NV;;;;Elena Quintero
304;20181219;GP0107522;9:27:00;11:27:00;2:00:00;1:19;1:21;0:02;11:26:39;11:26:41;unkown;3;NV;;;;Elena Quintero
326;20181227;GP007756;10:44:00;12:38:00;1:54:00;9:05;9:39;0:34;10:53:05;10:53:39;Erithacus rubecula;1;prob feeding;;;cam with stain in the middle of the focus;Elena Quintero
326;20181227;GP027756;10:44:00;12:38:00;1:54:00;2:57;3:23;0:26;11:10:37;11:11:03;Turdus merula;2;NV;;;cam with stain in the middle of the focus;Elena Quintero
326;20181227;GP027756;10:44:00;12:38:00;1:54:00;11:01;11:08;0:07;11:18:41;11:18:48;Sylvia atricapilla;2;NV;;;cam with stain in the middle of the focus;Elena Quintero
326;20181227;GP057756;10:44:00;12:38:00;1:54:00;5:59;6:35;0:36;11:49:09;11:49:45;unkown;3;exploring/not feeding;;song_identif;cam with stain in the middle of the focus;Elena Quintero
326;20181227;GP057756;10:44:00;12:38:00;1:54:00;8:44;8:59;0:15;11:51:54;11:52:09;unkown;3;exploring/not feeding;;;cam with stain in the middle of the focus;Elena Quintero
326;20181227;GP067756;10:44:00;12:38:00;1:54:00;1:24;1:43;0:19;11:56:24;11:56:43;Sylvia atricapilla;1;NV;;;cam with stain in the middle of the focus;Elena Quintero
326;20181227;GP067756;10:44:00;12:38:00;1:54:00;5:44;5:54;0:10;12:00:44;12:00:54;unkown;3;NV;;;cam with stain in the middle of the focus;Elena Quintero
326;20181227;GP087756;10:44:00;12:38:00;1:54:00;9:00;9:46;0:46;12:27:40;12:28:26;Erithacus rubecula;1;NV;;;cam with stain in the middle of the focus;Elena Quintero
313;20190114;GH020001;12:26:00;14:42:00;2:16:00;13:00;13:29;0:29;12:56:41;12:57:10;Sylvia melanocephala;1;exploring/preening;;;;Elena Quintero
313;20190114;GH050001;12:26:00;14:42:00;2:16:00;8:59;9:28;0:29;13:45:43;13:46:12;Sylvia melanocephala;1;perching;;;;Elena Quintero
313;20190114;GH050001;12:26:00;14:42:00;2:16:00;11:32;11:40;0:08;13:48:16;13:48:24;unkown;3;NV;;Phoenicurus?;;Elena Quintero
313;20190114;GH050001;12:26:00;14:42:00;2:16:00;13:39;13:54;0:15;13:50:23;13:50:38;Sylvia melanocephala;1;NV;;;;Elena Quintero
313;20190114;GH050001;12:26:00;14:42:00;2:16:00;13:35;13:48;0:13;13:50:19;13:50:32;Sylvia melanocephala;1;NV;;;;Elena Quintero
313;20190114;GH050001;12:26:00;14:42:00;2:16:00;14:11;15:49;1:38;13:50:55;13:52:33;Sylvia melanocephala;1;feeding;1;;;Elena Quintero
313;20190114;GH060001;12:26:00;14:42:00;2:16:00;12:55;13:35;0:40;14:07:20;14:08:00;Erithacus rubecula;1;perching;;;;Elena Quintero
313;20190114;GH070001;12:26:00;14:42:00;2:16:00;3:34;4:01;0:27;14:15:40;14:16:07;Erithacus rubecula;1;perching;;;;Elena Quintero
313;20190114;GH070001;12:26:00;14:42:00;2:16:00;5:30;5:47;0:17;14:17:36;14:17:53;Sylvia melanocephala;1;prob feeding;;;;Elena Quintero
313;20190114;GH080001;12:26:00;14:42:00;2:16:00;7:34;8:06;0:32;14:37:21;14:37:53;Sylvia melanocephala;1;exploring/not feeding;;;;Elena Quintero
323;20190114;GH010002;12:38:00;14:54:00;2:16:00;5:21;5:48;0:27;12:43:21;12:43:48;Erithacus rubecula;1;NV;;;;Elena Quintero
323;20190114;GH030002;12:38:00;14:54:00;2:16:00;10:36;11:00;0:24;13:23:58;13:24:22;unkown;3;NV;;;;Elena Quintero
323;20190114;GH030002;12:38:00;14:54:00;2:16:00;11:06;11:13;0:07;13:24:28;13:24:35;Erithacus rubecula;1;NV;;;;Elena Quintero
323;20190114;GH040002;12:38:00;14:54:00;2:16:00;1:22;1:33;0:11;13:32:25;13:32:36;Erithacus rubecula;1;exploring/not feeding;;;;Elena Quintero
323;20190114;GH040002;12:38:00;14:54:00;2:16:00;6:13;6:45;0:32;13:37:16;13:37:48;Sylvia melanocephala;1;prob feeding;;;;Elena Quintero
323;20190114;GH050002;12:38:00;14:54:00;2:16:00;8:29;8:47;0:18;13:57:13;13:57:31;Erithacus rubecula;1;NV;;;;Elena Quintero
323;20190114;GH070002;12:38:00;14:54:00;2:16:00;7:50;8:20;0:30;14:31:56;14:32:26;Erithacus rubecula;1;NV;;song_identif;;Elena Quintero
334;20190114;GH010001;12:22:00;14:37:00;2:15:00;9:43;10:43;1:00;12:31:43;12:32:43;Erithacus rubecula;1;NV;;;;Elena Quintero
334;20190114;GH020001;12:22:00;14:37:00;2:15:00;9:23;9:37;0:14;12:49:04;12:49:18;Erithacus rubecula;1;NV;;;;Elena Quintero
334;20190114;GH020001;12:22:00;14:37:00;2:15:00;16:52;17:11;0:19;12:56:33;12:56:52;Erithacus rubecula;1;NV;;;;Elena Quintero
334;20190114;GH030001;12:22:00;14:37:00;2:15:00;1:20;1:44;0:24;12:58:42;12:59:06;Erithacus rubecula;1;NV/interacting;;;;Elena Quintero
334;20190114;GH030001;12:22:00;14:37:00;2:15:00;1:20;1:39;0:19;12:58:42;12:59:01;Erithacus rubecula;1;interacting;;;;Elena Quintero
334;20190114;GH040001;12:22:00;14:37:00;2:15:00;2:45;3:14;0:29;13:17:48;13:18:17;Erithacus rubecula;1;NV;;;;Elena Quintero
334;20190114;GH050001;12:22:00;14:37:00;2:15:00;13:09;13:29;0:20;13:45:53;13:46:13;Erithacus rubecula;1;NV;;;;Elena Quintero
334;20190114;GH060001;12:22:00;14:37:00;2:15:00;10:26;10:59;0:33;14:00:51;14:01:24;Sylvia melanocephala;2;prob feeding;;;;Elena Quintero
334;20190114;GH070001;12:22:00;14:37:00;2:15:00;1:24;1:36;0:12;14:09:30;14:09:42;Erithacus rubecula;1;NV;;;;Elena Quintero
334;20190114;GH070001;12:22:00;14:37:00;2:15:00;15:04;16:38;1:34;14:23:10;14:24:44;Sylvia melanocephala;1;prob feeding;;;;Elena Quintero
334;20190114;GH080001;12:22:00;14:37:00;2:15:00;4:12;4:50;0:38;14:29:59;14:30:37;Sylvia melanocephala;1;feeding;1;;;Elena Quintero
338;20190114;GH020007;12:29:00;14:33:00;2:04:00;3:32;3:33;0:01;12:50:13;12:50:14;Erithacus rubecula;31;passing near;;;;Elena Quintero
338;20190114;GH020007;12:29:00;14:33:00;2:04:00;12:53;12:54;0:01;12:59:34;12:59:35;unkown;3;passing near;;;;Elena Quintero
338;20190114;GH030007;12:29:00;14:33:00;2:04:00;0:32;0:33;0:01;13:04:54;13:04:55;Erithacus rubecula;1;passing near;;;;Elena Quintero
338;20190114;GH030007;12:29:00;14:33:00;2:04:00;2:15;2:16;0:01;13:06:37;13:06:38;Erithacus rubecula;1;passing near;;;;Elena Quintero
338;20190114;GH040007;12:29:00;14:33:00;2:04:00;5:53;5:54;0:01;13:27:56;13:27:57;Erithacus rubecula;1;feeding;1;regurgitates 1 seed;;Elena Quintero
338;20190114;GH040007;12:29:00;14:33:00;2:04:00;10:20;10:33;0:13;13:32:23;13:32:36;Sylvia melanocephala;1;interacting;;;;Elena Quintero
338;20190114;GH040007;12:29:00;14:33:00;2:04:00;11:16;11:18;0:02;13:33:19;13:33:21;Sylvia melanocephala;1;interacting;;;;Elena Quintero
338;20190114;GH040007;12:29:00;14:33:00;2:04:00;11:53;12:10;0:17;13:33:56;13:34:13;unkown;3;NV;;;;Elena Quintero
338;20190114;GH040007;12:29:00;14:33:00;2:04:00;13:36;13:43;0:07;13:35:39;13:35:46;Erithacus rubecula;2;NV;;;;Elena Quintero
338;20190114;GH050007;12:29:00;14:33:00;2:04:00;1:46;1:47;0:01;13:41:30;13:41:31;Sylvia melanocephala;2;passing near;;;;Elena Quintero
338;20190114;GH050007;12:29:00;14:33:00;2:04:00;7:26;7:28;0:02;13:47:10;13:47:12;unkown;3;NV;;;;Elena Quintero
338;20190114;GH050007;12:29:00;14:33:00;2:04:00;8:52;8:53;0:01;13:48:36;13:48:37;Erithacus rubecula;1;passing near;;;;Elena Quintero
338;20190114;GH050007;12:29:00;14:33:00;2:04:00;14:10;14:23;0:13;13:53:54;13:54:07;Erithacus rubecula;1;NV;;;;Elena Quintero
338;20190114;GH050007;12:29:00;14:33:00;2:04:00;14:44;14:53;0:09;13:54:28;13:54:37;Erithacus rubecula;2;NV;;;;Elena Quintero
338;20190114;GH050007;12:29:00;14:33:00;2:04:00;16:38;18:26;1:48;13:56:22;13:58:10;Erithacus rubecula;1;NV;;;;Elena Quintero
338;20190114;GH060007;12:29:00;14:33:00;2:04:00;0:38;0:39;0:01;13:58:03;13:58:04;unkown;3;passing near;;;;Elena Quintero
338;20190114;GH060007;12:29:00;14:33:00;2:04:00;4:54;4:55;0:01;14:02:19;14:02:20;Sylvia melanocephala;2;passing near;;;;Elena Quintero
338;20190114;GH060007;12:29:00;14:33:00;2:04:00;8:24;8:29;0:05;14:05:49;14:05:54;unkown;3;NV;;;;Elena Quintero
338;20190114;GH060007;12:29:00;14:33:00;2:04:00;15:33;16:45;1:12;14:12:58;14:14:10;Erithacus rubecula;1;prob feeding;;;;Elena Quintero
338;20190114;GH070007;12:29:00;14:33:00;2:04:00;3:19;3:23;0:04;14:18:25;14:18:29;unkown;3;NV;;;;Elena Quintero
338;20190114;GH080007;12:29:00;14:33:00;2:04:00;4:19;4:20;0:01;14:37:06;14:37:07;unkown;3;passing near;;;;Elena Quintero
339;20190114;GH020001;12:33:00;14:49:00;2:16:00;8:55;8:56;0:01;12:59:36;12:59:37;Sylvia melanocephala;1;passing near;;;;Elena Quintero
339;20190114;GH020001;12:33:00;14:49:00;2:16:00;16:31;16:43;0:12;13:07:12;13:07:24;Sylvia melanocephala;2;NV;;;;Elena Quintero
339;20190114;GH050001;12:33:00;14:49:00;2:16:00;15:29;15:34;0:05;13:59:13;13:59:18;Erithacus rubecula;2;NV;;song_identification;;Elena Quintero
339;20190114;GH050001;12:33:00;14:49:00;2:16:00;16:03;16:19;0:16;13:59:47;14:00:03;Sylvia melanocephala;1;prob feeding;;;;Elena Quintero
327;20190115;GH010003;9:35:00;11:51:00;2:16:00;6:00;7:14;1:14;9:41:00;9:42:14;Erithacus rubecula;1;prob feeding;;;;Elena Quintero
327;20190115;GH010003;9:35:00;11:51:00;2:16:00;8:33;9:49;1:16;9:43:33;9:44:49;Erithacus rubecula;1;feeding;NA;;;Elena Quintero
327;20190115;GH010003;9:35:00;11:51:00;2:16:00;14:55;15:35;0:40;9:49:55;9:50:35;unkown;3;NV/interacting;;;;Elena Quintero
327;20190115;GH010003;9:35:00;11:51:00;2:16:00;15:28;15:35;0:07;9:50:28;9:50:35;unkown;3;interacting;;;;Elena Quintero
327;20190115;GH010003;9:35:00;11:51:00;2:16:00;16:05;16:12;0:07;9:51:05;9:51:12;unkown;3;NV;;;;Elena Quintero
327;20190115;GH020003;9:35:00;11:51:00;2:16:00;0:13;1:50;1:37;9:52:54;9:54:31;Sylvia melanocephala;1;prob feeding;;;;Elena Quintero
327;20190115;GH020003;9:35:00;11:51:00;2:16:00;8:29;8:40;0:11;10:01:10;10:01:21;Sylvia melanocephala;2;NV;;;;Elena Quintero
327;20190115;GH020003;9:35:00;11:51:00;2:16:00;12:20;12:21;0:01;10:05:01;10:05:02;unkown;3;passing near;;;;Elena Quintero
327;20190115;GH020003;9:35:00;11:51:00;2:16:00;14:13;14:23;0:10;10:06:54;10:07:04;unkown;3;exploring/not feeding;;;;Elena Quintero
327;20190115;GH030003;9:35:00;11:51:00;2:16:00;2:57;3:22;0:25;10:13:19;10:13:44;Erithacus rubecula;1;perching;;;;Elena Quintero
327;20190115;GH030003;9:35:00;11:51:00;2:16:00;4:30;5:00;0:30;10:14:52;10:15:22;unkown;3;interacting;;;;Elena Quintero
327;20190115;GH030003;9:35:00;11:51:00;2:16:00;4:39;5:34;0:55;10:15:01;10:15:56;unkown;3;interacting;;;;Elena Quintero
327;20190115;GH030003;9:35:00;11:51:00;2:16:00;7:38;7:45;0:07;10:18:00;10:18:07;Turdus merula;2;exploring/not feeding;;;;Elena Quintero
327;20190115;GH030003;9:35:00;11:51:00;2:16:00;7:42;10:32;2:50;10:18:04;10:20:54;Sylvia melanocephala;2;NV;;;;Elena Quintero
327;20190115;GH030003;9:35:00;11:51:00;2:16:00;10:45;11:08;0:23;10:21:07;10:21:30;Sylvia melanocephala;1;exploring/not feeding;;;;Elena Quintero
327;20190115;GH030003;9:35:00;11:51:00;2:16:00;15:32;15:38;0:06;10:25:54;10:26:00;Erithacus rubecula;2;exploring/not feeding;;song_identification;;Elena Quintero
327;20190115;GH030003;9:35:00;11:51:00;2:16:00;17:16;18:54;1:38;10:27:38;10:29:16;Sylvia melanocephala;2;perching;;;;Elena Quintero
327;20190115;GH040003;9:35:00;11:51:00;2:16:00;2:45;2:55;0:10;10:30:48;10:30:58;unkown;3;NV;;;;Elena Quintero
327;20190115;GH040003;9:35:00;11:51:00;2:16:00;3:23;4:00;0:37;10:31:26;10:32:03;Sylvia undata;2;NV;;;;Elena Quintero
327;20190115;GH040003;9:35:00;11:51:00;2:16:00;4:30;4:50;0:20;10:32:33;10:32:53;Erithacus rubecula;1;prob feeding;;;;Elena Quintero
327;20190115;GH040003;9:35:00;11:51:00;2:16:00;8:36;8:57;0:21;10:36:39;10:37:00;Sylvia melanocephala;1;prob feeding;;;;Elena Quintero
327;20190115;GH040003;9:35:00;11:51:00;2:16:00;10:20;10:21;0:01;10:38:23;10:38:24;Erithacus rubecula;1;passing near;;bird_persecution;;Elena Quintero
327;20190115;GH040003;9:35:00;11:51:00;2:16:00;14:33;15:08;0:35;10:42:36;10:43:11;Erithacus rubecula;2;NV;;;;Elena Quintero
327;20190115;GH050003;9:35:00;11:51:00;2:16:00;1:58;2:28;0:30;10:47:42;10:48:12;Erithacus rubecula;2;perching;;song_identification;;Elena Quintero
327;20190115;GH050003;9:35:00;11:51:00;2:16:00;3:24;4:00;0:36;10:49:08;10:49:44;Sylvia melanocephala;1;feeding;NA;;;Elena Quintero
327;20190115;GH050003;9:35:00;11:51:00;2:16:00;3:30;4:39;1:09;10:49:14;10:50:23;Sylvia melanocephala;2;NV;;;;Elena Quintero
327;20190115;GH050003;9:35:00;11:51:00;2:16:00;5:09;5:32;0:23;10:50:53;10:51:16;unkown;3;NV;;;;Elena Quintero
327;20190115;GH050003;9:35:00;11:51:00;2:16:00;6:14;6:50;0:36;10:51:58;10:52:34;unkown;3;NV;;;;Elena Quintero
327;20190115;GH050003;9:35:00;11:51:00;2:16:00;6:39;7:56;1:17;10:52:23;10:53:40;Erithacus rubecula;1;feeding;NA;;;Elena Quintero
327;20190115;GH050003;9:35:00;11:51:00;2:16:00;7:50;8:27;0:37;10:53:34;10:54:11;Erithacus rubecula;2;prob feeding;;;;Elena Quintero
327;20190115;GH050003;9:35:00;11:51:00;2:16:00;7:56;8:42;0:46;10:53:40;10:54:26;Erithacus rubecula;2;prob feeding;;;;Elena Quintero
327;20190115;GH060003;9:35:00;11:51:00;2:16:00;3:09;3:31;0:22;11:06:34;11:06:56;Erithacus rubecula;2;perching;;;;Elena Quintero
327;20190115;GH060003;9:35:00;11:51:00;2:16:00;6:04;6:57;0:53;11:09:29;11:10:22;Sylvia undata;1;prob feeding;;;;Elena Quintero
327;20190115;GH060003;9:35:00;11:51:00;2:16:00;9:27;9:44;0:17;11:12:52;11:13:09;Sylvia melanocephala;2;NV;;;;Elena Quintero
327;20190115;GH060003;9:35:00;11:51:00;2:16:00;14:53;15:35;0:42;11:18:18;11:19:00;Erithacus rubecula;1;NV;;;;Elena Quintero
327;20190115;GH060003;9:35:00;11:51:00;2:16:00;16:18;17:30;1:12;11:19:43;11:20:55;Sylvia undata;2;feeding;NA;;;Elena Quintero
327;20190115;GH060003;9:35:00;11:51:00;2:16:00;16:59;17:57;0:58;11:20:24;11:21:22;Sylvia sp.;3;NV;;;;Elena Quintero
327;20190115;GH070003;9:35:00;11:51:00;2:16:00;2:16;2:59;0:43;11:23:22;11:24:05;unkown;3;NV;;;;Elena Quintero
327;20190115;GH070003;9:35:00;11:51:00;2:16:00;3:21;4:05;0:44;11:24:27;11:25:11;Erithacus rubecula;2;feeding;NA;;;Elena Quintero
327;20190115;GH070003;9:35:00;11:51:00;2:16:00;4:21;4:34;0:13;11:25:27;11:25:40;Erithacus rubecula;1;interacting;;;;Elena Quintero
327;20190115;GH070003;9:35:00;11:51:00;2:16:00;4:24;4:35;0:11;11:25:30;11:25:41;Erithacus rubecula;1;interacting;;;;Elena Quintero
327;20190115;GH070003;9:35:00;11:51:00;2:16:00;6:41;7:24;0:43;11:27:47;11:28:30;unkown;3;NV;;;;Elena Quintero
327;20190115;GH070003;9:35:00;11:51:00;2:16:00;14:51;14:54;0:03;11:35:57;11:36:00;unkown;3;exploring/not feeding;;;;Elena Quintero
327;20190115;GH070003;9:35:00;11:51:00;2:16:00;14:54;15:35;0:41;11:36:00;11:36:41;Erithacus rubecula;2;prob feeding;;;;Elena Quintero
327;20190115;GH070003;9:35:00;11:51:00;2:16:00;15:10;16:26;1:16;11:36:16;11:37:32;Sylvia melanocephala;1;prob feeding;;;;Elena Quintero
327;20190115;GH070003;9:35:00;11:51:00;2:16:00;15:41;15:59;0:18;11:36:47;11:37:05;Erithacus rubecula;1;NV;;;;Elena Quintero
327;20190115;GH080003;9:35:00;11:51:00;2:16:00;3:47;4:31;0:44;11:42:34;11:43:18;Erithacus rubecula;1;feeding;3;;;Elena Quintero
327;20190115;GH080003;9:35:00;11:51:00;2:16:00;4:59;5:54;0:55;11:43:46;11:44:41;Erithacus rubecula;1;prob feeding;;;;Elena Quintero
327;20190115;GH080003;9:35:00;11:51:00;2:16:00;8:05;8:22;0:17;11:46:52;11:47:09;Sylvia melanocephala;1;exploring/not feeding;;;;Elena Quintero
327;20190115;GH080003;9:35:00;11:51:00;2:16:00;11:25;11:45;0:20;11:50:12;11:50:32;Sylvia atricapilla;1;NV;;;;Elena Quintero
328;20190115;GH020008;9:33:00;11:37:00;2:04:00;5:06;5:30;0:24;9:55:47;9:56:11;Sylvia undata;2;NV;;;;Elena Quintero
328;20190115;GH070008;9:33:00;11:37:00;2:04:00;12:25;12:52;0:27;11:31:31;11:31:58;Erithacus rubecula;1;exploring/not feeding;;;;Elena Quintero
328;20190115;GH070008;9:33:00;11:37:00;2:04:00;16:10;16:11;0:01;11:35:16;11:35:17;Erithacus rubecula;1;passing near;;;;Elena Quintero
332;20190115;GH010002;9:38:00;11:53:00;2:15:00;0:39;0:43;0:04;9:38:39;9:38:43;Sylvia melanocephala;1;exploring/not feeding;;;;Elena Quintero
332;20190115;GH010002;9:38:00;11:53:00;2:15:00;4:09;5:01;0:52;9:42:09;9:43:01;Erithacus rubecula;1;exploring/not feeding;;;;Elena Quintero
332;20190115;GH010002;9:38:00;11:53:00;2:15:00;7:38;8:59;1:21;9:45:38;9:46:59;Erithacus rubecula;1;NV/interacting;;;;Elena Quintero
332;20190115;GH010002;9:38:00;11:53:00;2:15:00;9:10;10:10;1:00;9:47:10;9:48:10;Erithacus rubecula;1;perching;;;;Elena Quintero
332;20190115;GH010002;9:38:00;11:53:00;2:15:00;14:10;14:51;0:41;9:52:10;9:52:51;Erithacus rubecula;1;feeding;3;;;Elena Quintero
332;20190115;GH010002;9:38:00;11:53:00;2:15:00;16:35;17:53;1:18;9:54:35;9:55:53;unkown;3;prob feeding;;;;Elena Quintero
332;20190115;GH020002;9:38:00;11:53:00;2:15:00;0:48;2:06;1:18;9:56:29;9:57:47;Sylvia melanocephala;2;NV;;;;Elena Quintero
332;20190115;GH020002;9:38:00;11:53:00;2:15:00;1:54;2:42;0:48;9:57:35;9:58:23;Sylvia melanocephala;1;NV;;;;Elena Quintero
332;20190115;GH020002;9:38:00;11:53:00;2:15:00;2:42;2:49;0:07;9:58:23;9:58:30;unkown;3;exploring/not feeding;;;;Elena Quintero
332;20190115;GH020002;9:38:00;11:53:00;2:15:00;11:57;12:03;0:06;10:07:38;10:07:44;Erithacus rubecula;1;prob feeding;;;;Elena Quintero
332;20190115;GH030002;9:38:00;11:53:00;2:15:00;3:09;3:26;0:17;10:16:31;10:16:48;Erithacus rubecula;1;NV;;;;Elena Quintero
332;20190115;GH030002;9:38:00;11:53:00;2:15:00;3:26;3:50;0:24;10:16:48;10:17:12;Turdus merula;2;NV;;;;Elena Quintero
332;20190115;GH030002;9:38:00;11:53:00;2:15:00;15:45;16:10;0:25;10:29:07;10:29:32;Sylvia melanocephala;1;prob feeding;;;;Elena Quintero
332;20190115;GH040002;9:38:00;11:53:00;2:15:00;2:47;3:19;0:32;10:33:50;10:34:22;unkown;3;NV;;;;Elena Quintero
332;20190115;GH040002;9:38:00;11:53:00;2:15:00;2:51;3:30;0:39;10:33:54;10:34:33;unkown;3;NV;;;;Elena Quintero
332;20190115;GH040002;9:38:00;11:53:00;2:15:00;7:22;7:52;0:30;10:38:25;10:38:55;Sylvia melanocephala;2;prob feeding;;;;Elena Quintero
332;20190115;GH040002;9:38:00;11:53:00;2:15:00;7:44;8:09;0:25;10:38:47;10:39:12;Erithacus rubecula;2;NV;;;;Elena Quintero
332;20190115;GH040002;9:38:00;11:53:00;2:15:00;9:55;10:45;0:50;10:40:58;10:41:48;Erithacus rubecula;2;NV;;;;Elena Quintero
332;20190115;GH040002;9:38:00;11:53:00;2:15:00;10:26;10:44;0:18;10:41:29;10:41:47;Turdus merula;1;exploring/not feeding;;feeds 2 fruits of Olea behind;;Elena Quintero
332;20190115;GH040002;9:38:00;11:53:00;2:15:00;11:01;11:19;0:18;10:42:04;10:42:22;unkown;3;prob feeding;;;;Elena Quintero
332;20190115;GH040002;9:38:00;11:53:00;2:15:00;11:18;12:20;1:02;10:42:21;10:43:23;Erithacus rubecula;2;NV;;;;Elena Quintero
332;20190115;GH040002;9:38:00;11:53:00;2:15:00;12:17;12:20;0:03;10:43:20;10:43:23;Erithacus rubecula;1;interacting;;;;Elena Quintero
332;20190115;GH040002;9:38:00;11:53:00;2:15:00;12:37;13:38;1:01;10:43:40;10:44:41;Erithacus rubecula;1;feeding;1;;;Elena Quintero
332;20190115;GH040002;9:38:00;11:53:00;2:15:00;12:48;13:32;0:44;10:43:51;10:44:35;Sylvia atricapilla;1;exploring/not feeding;;feeds 1 fruit of Olea behind;;Elena Quintero
332;20190115;GH050002;9:38:00;11:53:00;2:15:00;0:12;0:34;0:22;10:48:56;10:49:18;unkown;3;NV;;;;Elena Quintero
332;20190115;GH050002;9:38:00;11:53:00;2:15:00;1:16;1:17;0:01;10:50:00;10:50:01;unkown;3;feeding;1;;;Elena Quintero
332;20190115;GH050002;9:38:00;11:53:00;2:15:00;7:19;7:39;0:20;10:56:03;10:56:23;Erithacus rubecula;1;exploring/not feeding;;;;Elena Quintero
332;20190115;GH050002;9:38:00;11:53:00;2:15:00;7:19;7:50;0:31;10:56:03;10:56:34;Erithacus rubecula;1;NV;;;;Elena Quintero
332;20190115;GH060002;9:38:00;11:53:00;2:15:00;5:51;6:03;0:12;11:12:16;11:12:28;Sylvia melanocephala;1;NV;;;;Elena Quintero
332;20190115;GH060002;9:38:00;11:53:00;2:15:00;6:59;7:54;0:55;11:13:24;11:14:19;Sylvia sp.;2;NV;;;;Elena Quintero
332;20190115;GH060002;9:38:00;11:53:00;2:15:00;7:17;7:48;0:31;11:13:42;11:14:13;Sylvia melanocephala;1;feeding;NA;;;Elena Quintero
332;20190115;GH060002;9:38:00;11:53:00;2:15:00;11:27;12:03;0:36;11:17:52;11:18:28;Erithacus rubecula;2;NV;;;;Elena Quintero
332;20190115;GH060002;9:38:00;11:53:00;2:15:00;13:15;13:29;0:14;11:19:40;11:19:54;Erithacus rubecula;1;calling;;;;Elena Quintero
332;20190115;GH060002;9:38:00;11:53:00;2:15:00;13:29;13:55;0:26;11:19:54;11:20:20;Erithacus rubecula;1;interacting;;;;Elena Quintero
332;20190115;GH060002;9:38:00;11:53:00;2:15:00;16:36;17:00;0:24;11:23:01;11:23:25;unkown;3;NV;;;;Elena Quintero
332;20190115;GH070002;9:38:00;11:53:00;2:15:00;1:40;1:55;0:15;11:25:46;11:26:01;unkown;3;NV;;;;Elena Quintero
332;20190115;GH070002;9:38:00;11:53:00;2:15:00;6:58;7:24;0:26;11:31:04;11:31:30;Turdus merula;1;NV;;;;Elena Quintero
332;20190115;GH070002;9:38:00;11:53:00;2:15:00;13:32;13:44;0:12;11:37:38;11:37:50;Erithacus rubecula;2;NV;;;;Elena Quintero
332;20190115;GH070002;9:38:00;11:53:00;2:15:00;14:13;14:16;0:03;11:38:19;11:38:22;Sylvia melanocephala;1;perching;;;;Elena Quintero
332;20190115;GH070002;9:38:00;11:53:00;2:15:00;14:42;15:34;0:52;11:38:48;11:39:40;unkown;3;NV;;;;Elena Quintero
332;20190115;GH070002;9:38:00;11:53:00;2:15:00;15:57;16:13;0:16;11:40:03;11:40:19;Erithacus rubecula;2;NV;;;;Elena Quintero
332;20190115;GH080002;9:38:00;11:53:00;2:15:00;2:11;2:56;0:45;11:43:58;11:44:43;Erithacus rubecula;1;NV/interacting;;;;Elena Quintero
332;20190115;GH080002;9:38:00;11:53:00;2:15:00;2:56;4:25;1:29;11:44:43;11:46:12;Erithacus rubecula;1;interacting/perching;;;;Elena Quintero
332;20190115;GH080002;9:38:00;11:53:00;2:15:00;4:25;4:42;0:17;11:46:12;11:46:29;Erithacus rubecula;1;feeding;1;;;Elena Quintero
336;20190115;GH010005;9:42:00;11:46:00;2:04:00;11:17;11:49;0:32;9:53:17;9:53:49;Sylvia sp.;2;feeding;NA;;;Elena Quintero
336;20190115;GH020005;9:42:00;11:46:00;2:04:00;15:16;15:23;0:07;10:14:57;10:15:04;Erithacus rubecula;2;perching;;;;Elena Quintero
336;20190115;GH030005;9:42:00;11:46:00;2:04:00;3:37;4:05;0:28;10:20:59;10:21:27;Erithacus rubecula;1;prob feeding;;;;Elena Quintero
336;20190115;GH040005;9:42:00;11:46:00;2:04:00;2:59;4:19;1:20;10:38:02;10:39:22;Erithacus rubecula;1;prob feeding;;;;Elena Quintero
336;20190115;GH040005;9:42:00;11:46:00;2:04:00;5:54;6:54;1:00;10:40:57;10:41:57;Erithacus rubecula;1;prob feeding;;;;Elena Quintero
336;20190115;GH040005;9:42:00;11:46:00;2:04:00;7:09;8:25;1:16;10:42:12;10:43:28;Erithacus rubecula;1;NV;;;;Elena Quintero
336;20190115;GH040005;9:42:00;11:46:00;2:04:00;14:22;16:16;1:54;10:49:25;10:51:19;Erithacus rubecula;1;NV;;;;Elena Quintero
336;20190115;GH050005;9:42:00;11:46:00;2:04:00;13:34;15:31;1:57;11:06:18;11:08:15;Erithacus rubecula;1;prob feeding;;;;Elena Quintero
336;20190115;GH070005;9:42:00;11:46:00;2:04:00;4:01;4:29;0:28;11:32:07;11:32:35;Sylvia melanocephala;1;NV;;;;Elena Quintero
336;20190115;GH070005;9:42:00;11:46:00;2:04:00;10:45;10:58;0:13;11:38:51;11:39:04;Sylvia melanocephala;1;exploring/not feeding;;;;Elena Quintero
336;20190115;GH070005;9:42:00;11:46:00;2:04:00;13:57;14:13;0:16;11:42:03;11:42:19;Sylvia sp.;2;prob feeding;;;;Elena Quintero
336;20190115;GH080005;9:42:00;11:46:00;2:04:00;2:14;3:24;1:10;11:48:01;11:49:11;Sylvia melanocephala;1;prob feeding;;;;Elena Quintero
336;20190115;GH080005;9:42:00;11:46:00;2:04:00;5:24;5:46;0:22;11:51:11;11:51:33;unkown;3;prob feeding;;;;Elena Quintero
337;20190115;GH010002;9:46:00;11:50:00;2:04:00;2:40;3:00;0:20;9:48:40;9:49:00;Sylvia melanocephala;2;NV/interacting;;;;Elena Quintero
337;20190115;GH010002;9:46:00;11:50:00;2:04:00;2:42;3:10;0:28;9:48:42;9:49:10;Sylvia melanocephala;2;NV/interacting;;;;Elena Quintero
337;20190115;GH010002;9:46:00;11:50:00;2:04:00;4:57;5:23;0:26;9:50:57;9:51:23;Erithacus rubecula;2;NV;;song_identification;;Elena Quintero
337;20190115;GH010002;9:46:00;11:50:00;2:04:00;6:31;6:44;0:13;9:52:31;9:52:44;Sylvia melanocephala;1;feeding;NA;;;Elena Quintero
337;20190115;GH010002;9:46:00;11:50:00;2:04:00;6:33;6:52;0:19;9:52:33;9:52:52;Sylvia melanocephala;1;NV;;;;Elena Quintero
337;20190115;GH010002;9:46:00;11:50:00;2:04:00;14:48;15:51;1:03;10:00:48;10:01:51;Erithacus rubecula;1;prob feeding;;;;Elena Quintero
337;20190115;GH010002;9:46:00;11:50:00;2:04:00;16:26;16:34;0:08;10:02:26;10:02:34;Sylvia melanocephala;1;NV;;;;Elena Quintero
337;20190115;GH010002;9:46:00;11:50:00;2:04:00;16:36;17:53;1:17;10:02:36;10:03:53;Sylvia melanocephala;1;feeding;NA;;;Elena Quintero
337;20190115;GH020002;9:46:00;11:50:00;2:04:00;0:54;1:58;1:04;10:04:35;10:05:39;Sylvia atricapilla;2;feeding;;;;Elena Quintero
337;20190115;GH020002;9:46:00;11:50:00;2:04:00;1:09;1:53;0:44;10:04:50;10:05:34;Sylvia melanocephala;2;prob feeding;;;;Elena Quintero
337;20190115;GH020002;9:46:00;11:50:00;2:04:00;4:23;5:40;1:17;10:08:04;10:09:21;Erithacus rubecula;1;NV;;;;Elena Quintero
337;20190115;GH020002;9:46:00;11:50:00;2:04:00;12:54;13:12;0:18;10:16:35;10:16:53;Sylvia sp.;2;prob feeding;;;;Elena Quintero
337;20190115;GH020002;9:46:00;11:50:00;2:04:00;14:21;14:48;0:27;10:18:02;10:18:29;Sylvia melanocephala;2;NV;;;;Elena Quintero
337;20190115;GH020002;9:46:00;11:50:00;2:04:00;14:54;15:25;0:31;10:18:35;10:19:06;Erithacus rubecula;1;feeding;2;;;Elena Quintero
337;20190115;GH030002;9:46:00;11:50:00;2:04:00;8:33;9:26;0:53;10:29:55;10:30:48;unkown;3;NV;;;;Elena Quintero
337;20190115;GH030002;9:46:00;11:50:00;2:04:00;9:13;9:58;0:45;10:30:35;10:31:20;Sylvia sp.;2;prob feeding;;;;Elena Quintero
337;20190115;GH030002;9:46:00;11:50:00;2:04:00;9:24;9:42;0:18;10:30:46;10:31:04;Sylvia sp.;2;NV;;;;Elena Quintero
337;20190115;GH030002;9:46:00;11:50:00;2:04:00;10:19;10:54;0:35;10:31:41;10:32:16;Sylvia melanocephala;1;prob feeding;;;;Elena Quintero
337;20190115;GH030002;9:46:00;11:50:00;2:04:00;11:38;14:15;2:37;10:33:00;10:35:37;Sylvia melanocephala;1;prob feeding;;;;Elena Quintero
337;20190115;GH030002;9:46:00;11:50:00;2:04:00;13:23;14:13;0:50;10:34:45;10:35:35;Sylvia undata;1;prob feeding;;;;Elena Quintero
337;20190115;GH030002;9:46:00;11:50:00;2:04:00;14:15;15:09;0:54;10:35:37;10:36:31;Sylvia melanocephala;1;exploring/not feeding;;;;Elena Quintero
337;20190115;GH040002;9:46:00;11:50:00;2:04:00;4:50;5:26;0:36;10:43:53;10:44:29;Erithacus rubecula;2;feeding;1;;;Elena Quintero
337;20190115;GH040002;9:46:00;11:50:00;2:04:00;13:49;15:22;1:33;10:52:52;10:54:25;Sylvia melanocephala;3;feeding;NA;;;Elena Quintero
337;20190115;GH040002;9:46:00;11:50:00;2:04:00;15:37;16:06;0:29;10:54:40;10:55:09;Sylvia undata;2;NV;;;;Elena Quintero
337;20190115;GH050002;9:46:00;11:50:00;2:04:00;2:12;3:07;0:55;10:58:56;10:59:51;Erithacus rubecula;1;prob feeding;;;;Elena Quintero
337;20190115;GH050002;9:46:00;11:50:00;2:04:00;4:05;4:21;0:16;11:00:49;11:01:05;unkown;3;NV;;;;Elena Quintero
337;20190115;GH050002;9:46:00;11:50:00;2:04:00;8:51;10:25;1:34;11:05:35;11:07:09;Erithacus rubecula;1;feeding;1;;;Elena Quintero
337;20190115;GH050002;9:46:00;11:50:00;2:04:00;8:52;9:13;0:21;11:05:36;11:05:57;Erithacus rubecula;1;feeding;1;;;Elena Quintero
337;20190115;GH060002;9:46:00;11:50:00;2:04:00;6:34;6:45;0:11;11:20:59;11:21:10;Sylvia sp.;2;interacting;;;;Elena Quintero
337;20190115;GH060002;9:46:00;11:50:00;2:04:00;6:44;7:32;0:48;11:21:09;11:21:57;Sylvia melanocephala;1;NV;;song_identification;;Elena Quintero
337;20190115;GH060002;9:46:00;11:50:00;2:04:00;7:56;7:57;0:01;11:22:21;11:22:22;unkown;3;passing near;;;;Elena Quintero
337;20190115;GH060002;9:46:00;11:50:00;2:04:00;16:14;18:22;2:08;11:30:39;11:32:47;Sylvia melanocephala;1;NV/calling;;;;Elena Quintero
337;20190115;GH070002;9:46:00;11:50:00;2:04:00;3:11;3:24;0:13;11:35:17;11:35:30;Erithacus rubecula;1;exploring/not feeding;;;;Elena Quintero
337;20190115;GH070002;9:46:00;11:50:00;2:04:00;7:22;8:10;0:48;11:39:28;11:40:16;Erithacus rubecula;1;feeding;1;;;Elena Quintero
337;20190115;GH080002;9:46:00;11:50:00;2:04:00;4:30;5:03;0:33;11:54:17;11:54:50;unkown;3;NV;;;;Elena Quintero
312;20190116;GH010010;9:30:00;11:29:00;1:59:00;10:10;10:39;0:29;9:40:10;9:40:39;Sylvia melanocephala;1;NV;;;;Elena Quintero
312;20190116;GH010010;9:30:00;11:29:00;1:59:00;11:53;12:05;0:12;9:41:53;9:42:05;Sylvia melanocephala;1;feeding;1;;;Elena Quintero
312;20190116;GH020010;9:30:00;11:29:00;1:59:00;11:20;11:32;0:12;9:59:01;9:59:13;Erithacus rubecula;2;NV;;song_identification;;Elena Quintero
312;20190116;GH020010;9:30:00;11:29:00;1:59:00;11:29;12:34;1:05;9:59:10;10:00:15;Sylvia melanocephala;1;prob feeding;;;;Elena Quintero
312;20190116;GH040010;9:30:00;11:29:00;1:59:00;12:46;13:15;0:29;10:35:49;10:36:18;Sylvia melanocephala;1;NV;;;;Elena Quintero
317;20190116;GH010003;9:37:00;11:52:00;2:15:00;3:59;4:00;0:01;9:40:59;9:41:00;unkown;3;NV;;;;Elena Quintero
317;20190116;GH020003;9:37:00;11:52:00;2:15:00;6:58;7:33;0:35;10:01:39;10:02:14;Sylvia melanocephala;1;feeding;2;female;;Elena Quintero
317;20190116;GH030003;9:37:00;11:52:00;2:15:00;10:47;12:12;1:25;10:23:09;10:24:34;Sylvia melanocephala;1;feeding;2;female;;Elena Quintero
317;20190116;GH030003;9:37:00;11:52:00;2:15:00;13:01;14:21;1:20;10:25:23;10:26:43;Sylvia melanocephala;1;feeding;NA;female;;Elena Quintero
317;20190116;GH040003;9:37:00;11:52:00;2:15:00;2:00;2:52;0:52;10:32:03;10:32:55;Sylvia melanocephala;1;exploring/not feeding;;;;Elena Quintero
317;20190116;GH050003;9:37:00;11:52:00;2:15:00;9:27;9:28;0:01;10:57:11;10:57:12;Erithacus rubecula;1;passing near;;;;Elena Quintero
317;20190116;GH050003;9:37:00;11:52:00;2:15:00;12:04;12:57;0:53;10:59:48;11:00:41;Sylvia melanocephala;1;NV;;female;;Elena Quintero
317;20190116;GH080003;9:37:00;11:52:00;2:15:00;11:33;11:34;0:01;11:52:20;11:52:21;Sylvia melanocephala;1;passing near;;;;Elena Quintero
317;20190116;GH080003;9:37:00;11:52:00;2:15:00;11:33;11:34;0:01;11:52:20;11:52:21;Sylvia melanocephala;1;passing near;;;;Elena Quintero
318;20190116;GH010021;9:40:00;11:44:00;2:04:00;11:11;11:19;0:08;9:51:11;9:51:19;Erithacus rubecula;1;exploring/not feeding;;;;Elena Quintero
318;20190116;GH010021;9:40:00;11:44:00;2:04:00;12:47;13:25;0:38;9:52:47;9:53:25;Erithacus rubecula;1;NV;;;;Elena Quintero
318;20190116;GH010021;9:40:00;11:44:00;2:04:00;13:07;13:23;0:16;9:53:07;9:53:23;Erithacus rubecula;1;NV;;;;Elena Quintero
318;20190116;GH020021;9:40:00;11:44:00;2:04:00;3:50;4:35;0:45;10:01:31;10:02:16;Sylvia melanocephala;2;NV;;;;Elena Quintero
318;20190116;GH030021;9:40:00;11:44:00;2:04:00;4:14;4:38;0:24;10:19:36;10:20:00;Sylvia melanocephala;1;NV;;;;Elena Quintero
318;20190116;GH030021;9:40:00;11:44:00;2:04:00;6:34;7:05;0:31;10:21:56;10:22:27;Erithacus rubecula;1;exploring/not feeding;;;;Elena Quintero
318;20190116;GH030021;9:40:00;11:44:00;2:04:00;10:18;10:20;0:02;10:25:40;10:25:42;Turdus merula;1;prob feeding;;;;Elena Quintero
318;20190116;GH030021;9:40:00;11:44:00;2:04:00;11:57;12:00;0:03;10:27:19;10:27:22;Turdus merula;2;NV;;;;Elena Quintero
318;20190116;GH040021;9:40:00;11:44:00;2:04:00;0:42;0:55;0:13;10:33:45;10:33:58;Sylvia melanocephala;1;NV;;;;Elena Quintero
318;20190116;GH040021;9:40:00;11:44:00;2:04:00;0:43;0:45;0:02;10:33:46;10:33:48;unkown;3;NV;;;;Elena Quintero
318;20190116;GH040021;9:40:00;11:44:00;2:04:00;4:09;4:28;0:19;10:37:12;10:37:31;Erithacus rubecula;1;NV;;;;Elena Quintero
318;20190116;GH060021;9:40:00;11:44:00;2:04:00;15:24;15:29;0:05;11:23:49;11:23:54;Sylvia melanocephala;1;exploring/not feeding;;;;Elena Quintero
331;20190116;GH030004;9:34:00;11:49:00;2:15:00;3:27;3:28;0:01;10:12:49;10:12:50;Sylvia melanocephala;1;exploring/not feeding;;;;Elena Quintero
333;20190116;GH010004;9:44:00;11:51:00;2:07:00;1:22;1:31;0:09;9:45:22;9:45:31;Sylvia sp.;2;NV;;;;Elena Quintero
333;20190116;GH010004;9:44:00;11:51:00;2:07:00;13:00;13:01;0:01;9:57:00;9:57:01;Sylvia melanocephala;2;exploring/not feeding;;;;Elena Quintero
333;20190116;GH040004;9:44:00;11:51:00;2:07:00;15:57;0:16:04;0:07;10:53:00;10:53:07;Erithacus rubecula;2;NV;;;;Elena Quintero
333;20190116;GH050004;9:44:00;11:51:00;2:07:00;8:26;8:30;0:04;11:03:10;11:03:14;Erithacus rubecula;2;exploring/not feeding;;;;Elena Quintero
333;20190116;GH060004;9:44:00;11:51:00;2:07:00;4:28;4:53;0:25;11:16:53;11:17:18;Sylvia melanocephala;1;prob feeding;;;;Elena Quintero
333;20190116;GH060004;9:44:00;11:51:00;2:07:00;15:41;15:42;0:01;11:28:06;11:28:07;Erithacus rubecula;1;exploring/not feeding;;;;Elena Quintero
333;20190116;GH060004;9:44:00;11:51:00;2:07:00;17:09;17:16;0:07;11:29:34;11:29:41;Erithacus rubecula;1;NV;;;;Elena Quintero
333;20190116;GH070004;9:44:00;11:51:00;2:07:00;14:01;15:15;1:14;11:44:07;11:45:21;Sylvia sp.;2;feeding;2;;;Elena Quintero
333;20190116;GH070004;9:44:00;11:51:00;2:07:00;16:17;16:29;0:12;11:46:23;11:46:35;Sylvia melanocephala;1;exploring/not feeding;;;;Elena Quintero
333;20190116;GH080004;9:44:00;11:51:00;2:07:00;1:28;1:36;0:08;11:49:15;11:49:23;Sylvia melanocephala;1;NV;;;;Elena Quintero
301;20190117;GH020022;9:44:00;12:00:00;2:16:00;6:22;6:32;0:10;10:08:03;10:08:13;Erithacus rubecula;1;exploring/not feeding;;;;Elena Quintero
301;20190117;GH020022;9:44:00;12:00:00;2:16:00;6:32;6:32;0:00;10:08:13;10:08:13;Erithacus rubecula;1;NV;;;;Elena Quintero
301;20190117;GH040022;9:44:00;12:00:00;2:16:00;9:16;9:17;0:01;10:46:19;10:46:20;Erithacus rubecula;2;NV;; ;;Elena Quintero
301;20190117;GH050022;9:44:00;12:00:00;2:16:00;16:17;16:45;0:28;11:11:01;11:11:29;Erithacus rubecula;2;NV;;song_identification;;Elena Quintero
301;20190117;GH060022;9:44:00;12:00:00;2:16:00;0:56;1:50;0:54;11:13:21;11:14:15;Sylvia undata;1;feeding;2;;;Elena Quintero
301;20190117;GH060022;9:44:00;12:00:00;2:16:00;8:45;9:36;0:51;11:21:10;11:22:01;Sylvia undata;2;feeding;3;;;Elena Quintero
301;20190117;GH080022;9:44:00;12:00:00;2:16:00;3:03;3:13;0:10;11:50:50;11:51:00;Erithacus rubecula;2;perching;1;;;Elena Quintero
301;20190117;GH080022;9:44:00;12:00:00;2:16:00;4:19;5:12;0:53;11:52:06;11:52:59;Erithacus rubecula;1;prob feeding;;;;Elena Quintero
302;20190117;GH010005;9:49:00;12:04:00;2:15:00;9:15;9:32;0:17;9:58:15;9:58:32;Erithacus rubecula;2;NV;;;;Elena Quintero
302;20190117;GH080005;9:49:00;12:04:00;2:15:00;8:45;9:35;0:50;12:01:32;12:02:22;Erithacus rubecula;1;feeding;1;;;Elena Quintero
305;20190117;GH010011;9:33:00;11:49:00;2:16:00;1:33;1:34;0:01;9:34:33;9:34:34;Erithacus rubecula;2;NV;;;;Elena Quintero
305;20190117;GH010011;9:33:00;11:49:00;2:16:00;12:51;12:51;0:00;9:45:51;9:45:51;Erithacus rubecula;1;passing near;;;;Elena Quintero
305;20190117;GH030011;9:33:00;11:49:00;2:16:00;10:48;11:11;0:23;10:19:10;10:19:33;Sylvia melanocephala;2;NV;;;;Elena Quintero
305;20190117;GH030011;9:33:00;11:49:00;2:16:00;16:49;16:49;0:00;10:25:11;10:25:11;unkown;3;NV;;;;Elena Quintero
305;20190117;GH030011;9:33:00;11:49:00;2:16:00;17:32;18:32;1:00;10:25:54;10:26:54;Sylvia melanocephala;1;feeding;;;;Elena Quintero
305;20190117;GH040011;9:33:00;11:49:00;2:16:00;1:44;2:09;0:25;10:27:47;10:28:12;Sylvia melanocephala;1;NV;;;;Elena Quintero
305;20190117;GH040011;9:33:00;11:49:00;2:16:00;15:34;15:34;0:00;10:41:37;10:41:37;Erithacus rubecula;1;passing near;;;;Elena Quintero
305;20190117;GH050011;9:33:00;11:49:00;2:16:00;0:06;0:08;0:02;10:43:50;10:43:52;Sylvia melanocephala;1;exploring/not feeding;;;;Elena Quintero
305;20190117;GH050011;9:33:00;11:49:00;2:16:00;3:32;4:06;0:34;10:47:16;10:47:50;Sylvia melanocephala;1;exploring/not feeding;;;;Elena Quintero
305;20190117;GH070011;9:33:00;11:49:00;2:16:00;9:39;9:57;0:18;11:28:45;11:29:03;unkown;3;feeding;1;;;Elena Quintero
307;20190117;GH010004;9:39:00;11:55:00;2:16:00;13:46;14:19;0:33;9:52:46;9:53:19;unkown;3;NV;;;;Elena Quintero
307;20190117;GH020004;9:39:00;11:55:00;2:16:00;9:24;9:59;0:35;10:06:05;10:06:40;Erithacus rubecula;1;prob feeding;;song_identification;;Elena Quintero
307;20190117;GH030004;9:39:00;11:55:00;2:16:00;8:00;9:02;1:02;10:22:22;10:23:24;Erithacus rubecula;1;prob feeding;;;;Elena Quintero
307;20190117;GH030004;9:39:00;11:55:00;2:16:00;9:17;9:57;0:40;10:23:39;10:24:19;Erithacus rubecula;1;NV;;;;Elena Quintero
307;20190117;GH060004;9:39:00;11:55:00;2:16:00;3:04;4:00;0:56;11:10:29;11:11:25;Erithacus rubecula;1;NV;;;;Elena Quintero
307;20190117;GH070004;9:39:00;11:55:00;2:16:00;13:35;13:53;0:18;11:38:41;11:38:59;Erithacus rubecula;1;feeding;1;;;Elena Quintero
307;20190117;GH080004;9:39:00;11:55:00;2:16:00;6:18;6:27;0:09;11:49:05;11:49:14;unkown;3;NV;;;;Elena Quintero
308;20190117;GH010005;9:40:00;11:56:00;2:16:00;2:18;2:26;0:08;9:42:18;9:42:26;unkown;3;NV;;;;Elena Quintero
308;20190117;GH010005;9:40:00;11:56:00;2:16:00;7:08;7:12;0:04;9:47:08;9:47:12;Erithacus rubecula;1;exploring/not feeding;;;;Elena Quintero
308;20190117;GH010005;9:40:00;11:56:00;2:16:00;7:57;8:42;0:45;9:47:57;9:48:42;unkown;3;prob feeding;;;;Elena Quintero
308;20190117;GH020005;9:40:00;11:56:00;2:16:00;10:54;11:14;0:20;10:08:35;10:08:55;Erithacus rubecula;2;NV;;song_identification;;Elena Quintero
308;20190117;GH020005;9:40:00;11:56:00;2:16:00;13:28;14:28;1:00;10:11:09;10:12:09;Erithacus rubecula;1;NV;;;;Elena Quintero
308;20190117;GH020005;9:40:00;11:56:00;2:16:00;15:10;16:08;0:58;10:12:51;10:13:49;Erithacus rubecula;2;prob feeding;;song_identif;;Elena Quintero
308;20190117;GH020005;9:40:00;11:56:00;2:16:00;8:40;10:01;1:21;10:06:21;10:07:42;Erithacus rubecula;1;feeding;2;;;Elena Quintero
308;20190117;GH020005;9:40:00;11:56:00;2:16:00;10:14;11:19;1:05;10:07:55;10:09:00;Erithacus rubecula;1;NV;;;;Elena Quintero
308;20190117;GH020005;9:40:00;11:56:00;2:16:00;11:31;11:44;0:13;10:09:12;10:09:25;unkown;3;prob feeding;;;;Elena Quintero
308;20190117;GH040005;9:40:00;11:56:00;2:16:00;11:15;11:26;0:11;10:44:18;10:44:29;Phylloscopus collybita;1;prob feeding;;;;Elena Quintero
308;20190117;GH040005;9:40:00;11:56:00;2:16:00;11:53;12:01;0:08;10:44:56;10:45:04;Phylloscopus collybita;2;NV;;;;Elena Quintero
308;20190117;GH050005;9:40:00;11:56:00;2:16:00;5:32;5:40;0:08;10:56:16;10:56:24;Phylloscopus collybita;1;exploring/not feeding;;;;Elena Quintero
308;20190117;GH070005;9:40:00;11:56:00;2:16:00;2:54;3:35;0:41;11:29:00;11:29:41;Sylvia melanocephala;1;prob feeding;;;;Elena Quintero
303;20190124;GH050013;9:15:00;11:30:00;2:15:00;1:00;1:30;0:30;10:26:44;10:27:14;Sylvia melanocephala;1;NV;;;;Elena Quintero
306;20190124;GH020023;10:03:00;12:18:00;2:15:00;12:39;13:43;1:04;10:33:20;10:34:24;Erithacus rubecula;1;feeding;2;;very windy;Elena Quintero
306;20190124;GH040023;10:03:00;12:18:00;2:15:00;13:36;13:41;0:05;11:09:39;11:09:44;Sylvia melanocephala;1;exploring/not feeding;;;very windy;Elena Quintero
306;20190124;GH040023;10:03:00;12:18:00;2:15:00;13:40;14:06;0:26;11:09:43;11:10:09;Erithacus rubecula;1;NV;;;very windy;Elena Quintero
306;20190124;GH050023;10:03:00;12:18:00;2:15:00;2:33;2:50;0:17;11:16:17;11:16:34;Sylvia melanocephala;1;prob feeding;;;very windy;Elena Quintero
306;20190124;GH070023;10:03:00;12:18:00;2:15:00;3:54;5:06;1:12;11:53:00;11:54:12;Erithacus rubecula;1;feeding;2;;very windy;Elena Quintero
306;20190124;GH070023;10:03:00;12:18:00;2:15:00;8:06;8:26;0:20;11:57:12;11:57:32;Sylvia melanocephala;1;NV;;;very windy;Elena Quintero
306;20190124;GH070023;10:03:00;12:18:00;2:15:00;9:12;9:16;0:04;11:58:18;11:58:22;unkown;3;NV;;;very windy;Elena Quintero
306;20190124;GH070023;10:03:00;12:18:00;2:15:00;12:22;12:35;0:13;12:01:28;12:01:41;Sylvia melanocephala;1;feeding;1;;very windy;Elena Quintero
306;20190124;GH080023;10:03:00;12:18:00;2:15:00;2:04;2:04;0:00;12:08:51;12:08:51;Erithacus rubecula;1;passing near;;;very windy;Elena Quintero
306;20190124;GH080023;10:03:00;12:18:00;2:15:00;2:14;3:06;0:52;12:09:01;12:09:53;Erithacus rubecula;2;NV;;;very windy;Elena Quintero
309;20190124;GH030006;9:06:00;11:21:00;2:15:00;1:54;2:04;0:10;9:43:16;9:43:26;Phylloscopus collybita;2;exploring/not feeding;;feeding on insect on Erica scoparia;no fruits when recorded;Elena Quintero
309;20190124;GH030006;9:06:00;11:21:00;2:15:00;5:51;6:46;0:55;9:47:13;9:48:08;Sylvia melanocephala;1;NV;;;no fruits when recorded;Elena Quintero
309;20190124;GH030006;9:06:00;11:21:00;2:15:00;8:20;8:51;0:31;9:49:42;9:50:13;Phylloscopus collybita;1;exploring/not feeding;;;no fruits when recorded;Elena Quintero
309;20190124;GH030006;9:06:00;11:21:00;2:15:00;10:32;11:02;0:30;9:51:54;9:52:24;unkown;3;NV;;;no fruits when recorded;Elena Quintero
316;20190124;GH070001;10:13:00;12:24:00;2:11:00;15:51;16:01;0:10;12:14:57;12:15:07;Sylvia melanocephala;1;NV;;;no fruits when recorded, windy;Elena Quintero
324;20190124;GH010005;10:10:00;12:26:00;2:16:00;13:49;14:11;0:22;10:23:49;10:24:11;Erithacus rubecula;2;NV;;;windy;Elena Quintero
324;20190124;GH020005;10:10:00;12:26:00;2:16:00;9:22;10:11;0:49;10:37:03;10:37:52;Turdus merula;1;passing near;;On the floor close by;windy;Elena Quintero
324;20190124;GH040005;10:10:00;12:26:00;2:16:00;11:12;11:37;0:25;11:14:15;11:14:40;Turdus sp.;2;NV;;On the floor;windy;Elena Quintero
324;20190124;GH060005;10:10:00;12:26:00;2:16:00;13:29;13:42;0:13;11:51:54;11:52:07;Turdus sp.;2;NV;;;windy;Elena Quintero
325;20190124;GH030006;10:07:00;12:23:00;2:16:00;12:46;13:42;0:56;10:55:08;10:56:04;Sylvia melanocephala;1;NV;;;no fruits when recorded;Elena Quintero
325;20190124;GH070006;10:07:00;12:23:00;2:16:00;0:32;0:47;0:15;11:53:38;11:53:53;Erithacus rubecula;2;NV;;;no fruits when recorded;Elena Quintero
329;20190125;GH040014;9:17:00;11:32:00;2:15:00;15:59;17:12;1:13;10:26:02;10:27:15;Erithacus rubecula;1;calling;;;;Elena Quintero
329;20190125;GH040014;9:17:00;11:32:00;2:15:00;17:26;17:42;0:16;10:27:29;10:27:45;Sylvia melanocephala;1;NV;;;;Elena Quintero
329;20190125;GH080014;9:17:00;11:32:00;2:15:00;10:59;11:26;0:27;11:31:46;11:32:13;Sylvia melanocephala;1;calling;;;;Elena Quintero
330;20190125;GH010007;9:19:00;11:35:00;2:16:00;6:26;6:42;0:16;9:25:26;9:25:42;Sylvia melanocephala;1;NV;;;;Elena Quintero
330;20190125;GH020007;9:19:00;11:35:00;2:16:00;2:44;2:51;0:07;9:39:25;9:39:32;Erithacus rubecula;1;NV;;;;Elena Quintero
330;20190125;GH050007;9:19:00;11:35:00;2:16:00;14:21;14:52;0:31;10:44:05;10:44:36;Erithacus rubecula;1;NV/interacting;;;;Elena Quintero
330;20190125;GH060007;9:19:00;11:35:00;2:16:00;7:41;8:17;0:36;10:55:06;10:55:42;Sylvia melanocephala;1;prob feeding;;;;Elena Quintero
330;20190125;GH060007;9:19:00;11:35:00;2:16:00;14:20;14:51;0:31;11:01:45;11:02:16;Sylvia sp.;2;NV;;;;Elena Quintero
330;20190125;GH080007;9:19:00;11:35:00;2:16:00;5:37;5:37;0:00;11:28:24;11:28:24;unkown;3;passing near;;;;Elena Quintero
335;20190128;;11:21:00;13:37:00;2:16:00;;;;;;;;;;;no visits;Elena Quintero
322;20190128;GH010002;11:24:00;13:36:00;2:12:00;5:23;5:24;0:01;11:29:23;11:29:24;unkown;3;passing near;;prob feeding on Olea behind, carries fruit;;Elena Quintero
322;20190128;GH010002;11:24:00;13:36:00;2:12:00;6:30;6:58;0:28;11:30:30;11:30:58;Erithacus rubecula;1;NV;;;;Elena Quintero
322;20190128;GH010002;11:24:00;13:36:00;2:12:00;16:47;19:10;2:23;11:40:47;11:43:10;Erithacus rubecula;1;feeding;5;;;Elena Quintero
322;20190128;GH020002;11:24:00;13:36:00;2:12:00;1:37;2:12;0:35;11:43:18;11:43:53;Erithacus rubecula;1;feeding;1;;;Elena Quintero
322;20190128;GH020002;11:24:00;13:36:00;2:12:00;17:21;17:40;0:19;11:59:02;11:59:21;Erithacus rubecula;1;NV;;;;Elena Quintero
322;20190128;GH030002;11:24:00;13:36:00;2:12:00;14:57;16:32;1:35;12:14:19;12:15:54;Erithacus rubecula;1;feeding;2;;;Elena Quintero
322;20190128;GH040002;11:24:00;13:36:00;2:12:00;3:45;4:02;0:17;12:20:48;12:21:05;Erithacus rubecula;1;feeding;1;;;Elena Quintero
322;20190128;GH040002;11:24:00;13:36:00;2:12:00;9:32;9:37;0:05;12:26:35;12:26:40;unkown;3;interacting;;;;Elena Quintero
322;20190128;GH040002;11:24:00;13:36:00;2:12:00;9:37;9:38;0:01;12:26:40;12:26:41;Erithacus rubecula;1;interacting;;;;Elena Quintero
322;20190128;GH050002;11:24:00;13:36:00;2:12:00;7:19;8:52;1:33;12:42:03;12:43:36;Erithacus rubecula;1;feeding;4;;;Elena Quintero
322;20190128;GH050002;11:24:00;13:36:00;2:12:00;12:28;13:41;1:13;12:47:12;12:48:25;Erithacus rubecula;1;feeding;1;;;Elena Quintero
322;20190128;GH060002;11:24:00;13:36:00;2:12:00;4:56;6:09;1:13;12:57:21;12:58:34;Erithacus rubecula;1;feeding;2;;;Elena Quintero
322;20190128;GH070002;11:24:00;13:36:00;2:12:00;1:06;2:13;1:07;13:11:12;13:12:19;Erithacus rubecula;1;feeding;2;;;Elena Quintero