File,RelativePath,Folder,DateTime,ImageQuality,DeleteFlag,Behaviour,Sex,Sp1,Count1,Sp2,Count2,Sp3,Count3,Juvenile,Favourite,Obs,Behaviour2,
IMG_0001.AVI,Arbutus\Rev10_20220317\Aune003_25,vid_w_anim_MD_last_run, 2022-02-22 12:12:56,Ok,false,,,person,0,,0,,0,false,false,,,
IMG_0002.AVI,Arbutus\Rev10_20220317\Aune003_25,vid_w_anim_MD_last_run, 2022-02-22 12:41:28,Ok,false,,,turdus merula,0,,0,,0,false,false,,,
IMG_0003.AVI,Arbutus\Rev10_20220317\Aune003_25,vid_w_anim_MD_last_run, 2022-02-22 12:44:20,Ok,false,eating,,turdus merula,0,,0,,0,false,false,,,
IMG_0006.AVI,Arbutus\Rev10_20220317\Aune003_25,vid_w_anim_MD_last_run, 2022-02-22 12:58:04,Ok,false,,,turdus merula,0,,0,,0,false,false,,,
IMG_0007.AVI,Arbutus\Rev10_20220317\Aune003_25,vid_w_anim_MD_last_run, 2022-02-22 13:05:26,Ok,false,eating,,turdus merula,0,,0,,0,false,false,,,
IMG_0008.AVI,Arbutus\Rev10_20220317\Aune003_25,vid_w_anim_MD_last_run, 2022-02-22 13:06:00,Ok,false,eating,,turdus merula,0,,0,,0,false,false,,,
IMG_0011.AVI,Arbutus\Rev10_20220317\Aune003_25,vid_w_anim_MD_last_run, 2022-02-22 13:12:56,Ok,false,eating,,turdus merula,0,,0,,0,false,false,,,
IMG_0013.AVI,Arbutus\Rev10_20220317\Aune003_25,vid_w_anim_MD_last_run, 2022-02-22 13:16:16,Ok,false,eating,,turdus merula,2,,0,,0,false,false,,,
IMG_0014.AVI,Arbutus\Rev10_20220317\Aune003_25,vid_w_anim_MD_last_run, 2022-02-22 13:16:44,Ok,false,,,turdus merula,0,,0,,0,false,false,,,
IMG_0015.AVI,Arbutus\Rev10_20220317\Aune003_25,vid_w_anim_MD_last_run, 2022-02-22 13:16:56,Ok,false,eating,,turdus merula,0,,0,,0,false,false,,,
IMG_0017.AVI,Arbutus\Rev10_20220317\Aune003_25,vid_w_anim_MD_last_run, 2022-02-22 13:19:44,Ok,false,eating,,turdus merula,0,,0,,0,false,false,,,
IMG_0018.AVI,Arbutus\Rev10_20220317\Aune003_25,vid_w_anim_MD_last_run, 2022-02-22 13:41:42,Ok,false,,,turdus merula,0,,0,,0,false,false,,,
IMG_0022.AVI,Arbutus\Rev10_20220317\Aune003_25,vid_w_anim_MD_last_run, 2022-02-22 14:32:44,Ok,false,eating,,turdus merula,0,,0,,0,false,false,,,
IMG_0027.AVI,Arbutus\Rev10_20220317\Aune003_25,vid_w_anim_MD_last_run, 2022-02-22 15:06:30,Ok,false,,,turdus merula,2,,0,,0,false,false,,,
IMG_0031.AVI,Arbutus\Rev10_20220317\Aune003_25,vid_w_anim_MD_last_run, 2022-02-22 15:40:24,Ok,false,,,turdus merula,2,,0,,0,false,false,,,
IMG_0038.AVI,Arbutus\Rev10_20220317\Aune003_25,vid_w_anim_MD_last_run, 2022-02-22 17:14:42,Ok,false,,,turdus merula,0,,0,,0,false,false,,,
IMG_0039.AVI,Arbutus\Rev10_20220317\Aune003_25,vid_w_anim_MD_last_run, 2022-02-22 17:32:56,Ok,false,eating,,turdus merula,0,,0,,0,false,false,,,
IMG_0041.AVI,Arbutus\Rev10_20220317\Aune003_25,vid_w_anim_MD_last_run, 2022-02-22 18:02:02,Ok,false,,,turdus merula,0,,0,,0,false,false,,,
IMG_0043.AVI,Arbutus\Rev10_20220317\Aune003_25,vid_w_anim_MD_last_run, 2022-02-22 18:13:54,Ok,false,,,turdus merula,0,,0,,0,false,false,,,
IMG_0044.AVI,Arbutus\Rev10_20220317\Aune003_25,vid_w_anim_MD_last_run, 2022-02-22 18:15:18,Ok,false,,,turdus merula,0,,0,,0,false,false,,,
IMG_0045.AVI,Arbutus\Rev10_20220317\Aune003_25,vid_w_anim_MD_last_run, 2022-02-22 18:16:38,Ok,false,,,turdus merula,0,,0,,0,false,false,,,
IMG_0046.AVI,Arbutus\Rev10_20220317\Aune003_25,vid_w_anim_MD_last_run, 2022-02-22 18:20:18,Ok,false,,,turdus merula,0,,0,,0,false,false,,,
IMG_0048.AVI,Arbutus\Rev10_20220317\Aune003_25,vid_w_anim_MD_last_run, 2022-02-22 19:54:38,Ok,false,,,turdus merula,0,,0,,0,false,false,,,
IMG_0049.AVI,Arbutus\Rev10_20220317\Aune003_25,vid_w_anim_MD_last_run, 2022-02-22 20:13:34,Ok,false,eating,,turdus merula,0,,0,,0,false,false,,,
IMG_0050.AVI,Arbutus\Rev10_20220317\Aune003_25,vid_w_anim_MD_last_run, 2022-02-22 22:58:48,Ok,false,probably eating,,vulpes vulpes,0,,0,,0,false,false,,,
IMG_0052.AVI,Arbutus\Rev10_20220317\Aune003_25,vid_w_anim_MD_last_run, 2022-02-22 22:59:00,Ok,false,probably eating,,vulpes vulpes,0,,0,,0,false,false,,,
IMG_0054.AVI,Arbutus\Rev10_20220317\Aune003_25,vid_w_anim_MD_last_run, 2022-02-23 09:32:20,Ok,false,eating,,turdus merula,0,,0,,0,false,false,,,
IMG_0055.AVI,Arbutus\Rev10_20220317\Aune003_25,vid_w_anim_MD_last_run, 2022-02-23 09:34:22,Ok,false,,,turdus merula,0,,0,,0,false,false,,,
IMG_0057.AVI,Arbutus\Rev10_20220317\Aune003_25,vid_w_anim_MD_last_run, 2022-02-23 10:23:18,Ok,false,eating,,turdus merula,0,,0,,0,false,false,,,
IMG_0058.AVI,Arbutus\Rev10_20220317\Aune003_25,vid_w_anim_MD_last_run, 2022-02-23 10:26:58,Ok,false,,,turdus merula,0,,0,,0,false,false,,,
IMG_0061.AVI,Arbutus\Rev10_20220317\Aune003_25,vid_w_anim_MD_last_run, 2022-02-23 12:15:10,Ok,false,,,turdus merula,2,,0,,0,false,false,,,
IMG_0062.AVI,Arbutus\Rev10_20220317\Aune003_25,vid_w_anim_MD_last_run, 2022-02-23 12:15:30,Ok,false,,,turdus merula,0,,0,,0,false,false,,,
IMG_0064.AVI,Arbutus\Rev10_20220317\Aune003_25,vid_w_anim_MD_last_run, 2022-02-23 13:07:26,Ok,false,eating,,turdus merula,2,,0,,0,false,false,,,
IMG_0065.AVI,Arbutus\Rev10_20220317\Aune003_25,vid_w_anim_MD_last_run, 2022-02-23 13:26:42,Ok,false,eating,,turdus merula,2,,0,,0,false,false,,,
IMG_0066.AVI,Arbutus\Rev10_20220317\Aune003_25,vid_w_anim_MD_last_run, 2022-02-23 13:29:22,Ok,false,,,turdus merula,0,,0,,0,false,false,,,
IMG_0067.AVI,Arbutus\Rev10_20220317\Aune003_25,vid_w_anim_MD_last_run, 2022-02-23 13:54:36,Ok,false,eating,,turdus merula,0,,0,,0,false,false,,,
IMG_0068.AVI,Arbutus\Rev10_20220317\Aune003_25,vid_w_anim_MD_last_run, 2022-02-23 13:54:48,Ok,false,,,turdus merula,0,,0,,0,false,false,,,
IMG_0075.AVI,Arbutus\Rev10_20220317\Aune003_25,vid_w_anim_MD_last_run, 2022-02-23 14:45:46,Ok,false,,,turdus merula,0,,0,,0,false,false,,,
IMG_0076.AVI,Arbutus\Rev10_20220317\Aune003_25,vid_w_anim_MD_last_run, 2022-02-23 14:46:04,Ok,false,,,turdus merula,0,,0,,0,false,false,,,
IMG_0094.AVI,Arbutus\Rev10_20220317\Aune003_25,vid_w_anim_MD_last_run, 2022-02-23 17:14:56,Ok,false,eating,,turdus merula,0,,0,,0,false,false,,,
IMG_0097.AVI,Arbutus\Rev10_20220317\Aune003_25,vid_w_anim_MD_last_run, 2022-02-23 19:11:50,Ok,false,,,turdus merula,0,,0,,0,false,false,,,
IMG_0098.AVI,Arbutus\Rev10_20220317\Aune003_25,vid_w_anim_MD_last_run, 2022-02-23 19:29:04,Ok,false,,,turdus merula,0,,0,,0,false,false,,,
IMG_0099.AVI,Arbutus\Rev10_20220317\Aune003_25,vid_w_anim_MD_last_run, 2022-02-23 19:49:36,Ok,false,eating,,turdus merula,0,,0,,0,false,false,,,
IMG_0100.AVI,Arbutus\Rev10_20220317\Aune003_25,vid_w_anim_MD_last_run, 2022-02-23 20:57:16,Ok,false,searching for food,,vulpes vulpes,0,,0,,0,false,true,,,
IMG_0101.AVI,Arbutus\Rev10_20220317\Aune003_25,vid_w_anim_MD_last_run, 2022-02-23 23:53:34,Ok,false,,,genetta genetta,0,,0,,0,false,false,,,
IMG_0105.AVI,Arbutus\Rev10_20220317\Aune003_25,vid_w_anim_MD_last_run, 2022-02-24 02:15:50,Ok,false,,,meles meles,0,,0,,0,false,false,,,
IMG_0110.AVI,Arbutus\Rev10_20220317\Aune003_25,vid_w_anim_MD_last_run, 2022-02-24 08:39:00,Ok,false,eating,,vulpes vulpes,0,,0,,0,false,false,,,
IMG_0111.AVI,Arbutus\Rev10_20220317\Aune003_25,vid_w_anim_MD_last_run, 2022-02-24 08:39:28,Ok,false,probably eating,,vulpes vulpes,0,,0,,0,false,false,,,
IMG_0127.AVI,Arbutus\Rev10_20220317\Aune003_25,vid_w_anim_MD_last_run, 2022-02-24 08:59:32,Ok,false,,,turdus merula,0,,0,,0,false,false,,,
IMG_0128.AVI,Arbutus\Rev10_20220317\Aune003_25,vid_w_anim_MD_last_run, 2022-02-24 09:12:26,Ok,false,,,turdus merula,2,,0,,0,false,false,,,
IMG_0129.AVI,Arbutus\Rev10_20220317\Aune003_25,vid_w_anim_MD_last_run, 2022-02-24 09:12:38,Ok,false,,,turdus merula,0,,0,,0,false,false,,,
IMG_0130.AVI,Arbutus\Rev10_20220317\Aune003_25,vid_w_anim_MD_last_run, 2022-02-24 09:14:10,Ok,false,,,turdus merula,2,,0,,0,false,false,,,
IMG_0131.AVI,Arbutus\Rev10_20220317\Aune003_25,vid_w_anim_MD_last_run, 2022-02-24 09:14:38,Ok,false,,,turdus merula,0,,0,,0,false,false,,,
IMG_0133.AVI,Arbutus\Rev10_20220317\Aune003_25,vid_w_anim_MD_last_run, 2022-02-24 09:23:04,Ok,false,,,turdus merula,0,,0,,0,false,false,,,
IMG_0134.AVI,Arbutus\Rev10_20220317\Aune003_25,vid_w_anim_MD_last_run, 2022-02-24 09:25:54,Ok,false,eating,,turdus merula,0,,0,,0,false,false,,,
IMG_0135.AVI,Arbutus\Rev10_20220317\Aune003_25,vid_w_anim_MD_last_run, 2022-02-24 09:36:06,Ok,false,,,turdus merula,0,,0,,0,false,false,,,
IMG_0137.AVI,Arbutus\Rev10_20220317\Aune003_25,vid_w_anim_MD_last_run, 2022-02-24 09:42:32,Ok,false,,,turdus merula,0,,0,,0,false,false,,,
IMG_0138.AVI,Arbutus\Rev10_20220317\Aune003_25,vid_w_anim_MD_last_run, 2022-02-24 09:44:16,Ok,false,,,turdus merula,2,,0,,0,false,false,,,
IMG_0139.AVI,Arbutus\Rev10_20220317\Aune003_25,vid_w_anim_MD_last_run, 2022-02-24 09:52:26,Ok,false,eating,,turdus merula,0,,0,,0,false,false,,,
IMG_0142.AVI,Arbutus\Rev10_20220317\Aune003_25,vid_w_anim_MD_last_run, 2022-02-24 10:15:00,Ok,false,,,turdus merula,0,,0,,0,false,false,,,
IMG_0143.AVI,Arbutus\Rev10_20220317\Aune003_25,vid_w_anim_MD_last_run, 2022-02-24 10:16:12,Ok,false,,,turdus merula,0,,0,,0,false,false,,,
IMG_0144.AVI,Arbutus\Rev10_20220317\Aune003_25,vid_w_anim_MD_last_run, 2022-02-24 10:19:58,Ok,false,eating,,turdus merula,0,,0,,0,false,false,,,
IMG_0145.AVI,Arbutus\Rev10_20220317\Aune003_25,vid_w_anim_MD_last_run, 2022-02-24 11:07:32,Ok,false,,,cyanopica cooki,0,,0,,0,false,false,,,
IMG_0146.AVI,Arbutus\Rev10_20220317\Aune003_25,vid_w_anim_MD_last_run, 2022-02-24 11:24:04,Ok,false,eating,,turdus merula,0,,0,,0,false,false,,,
IMG_0150.AVI,Arbutus\Rev10_20220317\Aune003_25,vid_w_anim_MD_last_run, 2022-02-24 12:41:46,Ok,false,eating,,turdus merula,0,,0,,0,false,false,,,
IMG_0151.AVI,Arbutus\Rev10_20220317\Aune003_25,vid_w_anim_MD_last_run, 2022-02-24 12:42:32,Ok,false,eating,,turdus merula,0,,0,,0,false,false,,,
IMG_0153.AVI,Arbutus\Rev10_20220317\Aune003_25,vid_w_anim_MD_last_run, 2022-02-24 13:05:08,Ok,false,,,turdus merula,0,,0,,0,false,false,,,
IMG_0154.AVI,Arbutus\Rev10_20220317\Aune003_25,vid_w_anim_MD_last_run, 2022-02-24 13:07:08,Ok,false,,,turdus merula,0,,0,,0,false,false,,,
IMG_0155.AVI,Arbutus\Rev10_20220317\Aune003_25,vid_w_anim_MD_last_run, 2022-02-24 13:10:44,Ok,false,,,turdus merula,0,,0,,0,false,false,,,
IMG_0156.AVI,Arbutus\Rev10_20220317\Aune003_25,vid_w_anim_MD_last_run, 2022-02-24 13:11:14,Ok,false,,,turdus merula,0,,0,,0,false,false,,,
IMG_0157.AVI,Arbutus\Rev10_20220317\Aune003_25,vid_w_anim_MD_last_run, 2022-02-24 13:15:20,Ok,false,,,turdus merula,0,,0,,0,false,false,,,
IMG_0158.AVI,Arbutus\Rev10_20220317\Aune003_25,vid_w_anim_MD_last_run, 2022-02-24 13:18:30,Ok,false,,,turdus merula,0,,0,,0,false,false,,,
IMG_0159.AVI,Arbutus\Rev10_20220317\Aune003_25,vid_w_anim_MD_last_run, 2022-02-24 13:45:08,Ok,false,probably eating,,turdus merula,0,,0,,0,false,false,,,
IMG_0161.AVI,Arbutus\Rev10_20220317\Aune003_25,vid_w_anim_MD_last_run, 2022-02-24 14:25:32,Ok,false,,,turdus merula,0,,0,,0,false,false,,,
IMG_0162.AVI,Arbutus\Rev10_20220317\Aune003_25,vid_w_anim_MD_last_run, 2022-02-24 14:30:46,Ok,false,,,turdus merula,0,,0,,0,false,false,,,
IMG_0164.AVI,Arbutus\Rev10_20220317\Aune003_25,vid_w_anim_MD_last_run, 2022-02-24 14:37:32,Ok,false,,,turdus merula,0,,0,,0,false,false,,,
IMG_0166.AVI,Arbutus\Rev10_20220317\Aune003_25,vid_w_anim_MD_last_run, 2022-02-24 15:04:56,Ok,false,eating,,turdus merula,0,,0,,0,false,false,,,
IMG_0167.AVI,Arbutus\Rev10_20220317\Aune003_25,vid_w_anim_MD_last_run, 2022-02-24 15:05:08,Ok,false,,,turdus merula,0,,0,,0,false,false,,,
IMG_0168.AVI,Arbutus\Rev10_20220317\Aune003_25,vid_w_anim_MD_last_run, 2022-02-24 15:25:36,Ok,false,searching for food,,turdus merula,0,,0,,0,false,false,,,
IMG_0170.AVI,Arbutus\Rev10_20220317\Aune003_25,vid_w_anim_MD_last_run, 2022-02-24 16:17:18,Ok,false,eating,,turdus merula,0,,0,,0,false,false,,,
IMG_0171.AVI,Arbutus\Rev10_20220317\Aune003_25,vid_w_anim_MD_last_run, 2022-02-24 17:30:38,Ok,false,,,turdus merula,0,,0,,0,false,false,,,
IMG_0172.AVI,Arbutus\Rev10_20220317\Aune003_25,vid_w_anim_MD_last_run, 2022-02-24 17:38:28,Ok,false,eating,,turdus merula,0,,0,,0,false,false,,,
IMG_0173.AVI,Arbutus\Rev10_20220317\Aune003_25,vid_w_anim_MD_last_run, 2022-02-24 18:08:12,Ok,false,,,turdus merula,0,,0,,0,false,false,,,
IMG_0174.AVI,Arbutus\Rev10_20220317\Aune003_25,vid_w_anim_MD_last_run, 2022-02-24 18:33:54,Ok,false,,,turdus merula,0,,0,,0,false,false,,,
IMG_0176.AVI,Arbutus\Rev10_20220317\Aune003_25,vid_w_anim_MD_last_run, 2022-02-24 19:36:00,Ok,false,,,turdus merula,0,,0,,0,false,false,,,
IMG_0177.AVI,Arbutus\Rev10_20220317\Aune003_25,vid_w_anim_MD_last_run, 2022-02-24 20:03:48,Ok,false,,,turdus merula,0,,0,,0,false,false,,,
IMG_0178.AVI,Arbutus\Rev10_20220317\Aune003_25,vid_w_anim_MD_last_run, 2022-02-24 20:16:40,Ok,false,,,turdus merula,0,,0,,0,false,false,,,
IMG_0184.AVI,Arbutus\Rev10_20220317\Aune003_25,vid_w_anim_MD_last_run, 2022-02-25 09:22:56,Ok,false,probably eating,,turdus merula,0,,0,,0,false,false,,,
IMG_0185.AVI,Arbutus\Rev10_20220317\Aune003_25,vid_w_anim_MD_last_run, 2022-02-25 09:24:14,Ok,false,,,turdus merula,0,,0,,0,false,false,,,
IMG_0186.AVI,Arbutus\Rev10_20220317\Aune003_25,vid_w_anim_MD_last_run, 2022-02-25 12:39:30,Ok,false,,,turdus merula,0,,0,,0,false,false,,,
IMG_0187.AVI,Arbutus\Rev10_20220317\Aune003_25,vid_w_anim_MD_last_run, 2022-02-25 12:39:52,Ok,false,,,turdus merula,0,,0,,0,false,false,,,
IMG_0189.AVI,Arbutus\Rev10_20220317\Aune003_25,vid_w_anim_MD_last_run, 2022-02-25 12:47:28,Ok,false,,,turdus merula,0,,0,,0,false,false,,,
IMG_0190.AVI,Arbutus\Rev10_20220317\Aune003_25,vid_w_anim_MD_last_run, 2022-02-25 13:19:40,Ok,false,eating,,herpestes ichneumon,0,,0,,0,false,false,,,
IMG_0192.AVI,Arbutus\Rev10_20220317\Aune003_25,vid_w_anim_MD_last_run, 2022-02-25 13:49:46,Ok,false,,,turdus merula,0,,0,,0,false,false,,,
IMG_0193.AVI,Arbutus\Rev10_20220317\Aune003_25,vid_w_anim_MD_last_run, 2022-02-25 13:51:40,Ok,false,,,turdus merula,0,,0,,0,false,false,,,
IMG_0194.AVI,Arbutus\Rev10_20220317\Aune003_25,vid_w_anim_MD_last_run, 2022-02-25 14:15:26,Ok,false,,,turdus merula,0,,0,,0,false,false,,,
IMG_0195.AVI,Arbutus\Rev10_20220317\Aune003_25,vid_w_anim_MD_last_run, 2022-02-25 14:21:42,Ok,false,,,turdus merula,0,,0,,0,false,false,,,
IMG_0196.AVI,Arbutus\Rev10_20220317\Aune003_25,vid_w_anim_MD_last_run, 2022-02-25 14:21:54,Ok,false,,,turdus merula,0,,0,,0,false,false,,,
IMG_0197.AVI,Arbutus\Rev10_20220317\Aune003_25,vid_w_anim_MD_last_run, 2022-02-25 15:13:42,Ok,false,,,turdus merula,2,,0,,0,false,false,,,
IMG_0198.AVI,Arbutus\Rev10_20220317\Aune003_25,vid_w_anim_MD_last_run, 2022-02-25 15:15:34,Ok,false,eating,,turdus merula,0,,0,,0,false,false,,,
IMG_0199.AVI,Arbutus\Rev10_20220317\Aune003_25,vid_w_anim_MD_last_run, 2022-02-25 15:15:46,Ok,false,,,turdus merula,2,,0,,0,false,false,,,
IMG_0202.AVI,Arbutus\Rev10_20220317\Aune003_25,vid_w_anim_MD_last_run, 2022-02-25 16:28:08,Ok,false,eating,,turdus merula,0,,0,,0,false,false,,,
IMG_0203.AVI,Arbutus\Rev10_20220317\Aune003_25,vid_w_anim_MD_last_run, 2022-02-25 17:08:58,Ok,false,,,turdus merula,0,,0,,0,false,false,,,
IMG_0204.AVI,Arbutus\Rev10_20220317\Aune003_25,vid_w_anim_MD_last_run, 2022-02-25 17:31:58,Ok,false,,,turdus merula,0,,0,,0,false,false,,,
IMG_0205.AVI,Arbutus\Rev10_20220317\Aune003_25,vid_w_anim_MD_last_run, 2022-02-25 18:05:52,Ok,false,,,turdus merula,0,,0,,0,false,false,,,
IMG_0206.AVI,Arbutus\Rev10_20220317\Aune003_25,vid_w_anim_MD_last_run, 2022-02-25 18:10:24,Ok,false,,,turdus merula,0,,0,,0,false,false,,,
IMG_0207.AVI,Arbutus\Rev10_20220317\Aune003_25,vid_w_anim_MD_last_run, 2022-02-25 19:20:20,Ok,false,,,turdus merula,0,,0,,0,false,false,,,
IMG_0208.AVI,Arbutus\Rev10_20220317\Aune003_25,vid_w_anim_MD_last_run, 2022-02-25 19:21:34,Ok,false,,,turdus merula,0,,0,,0,false,false,,,
IMG_0211.AVI,Arbutus\Rev10_20220317\Aune003_25,vid_w_anim_MD_last_run, 2022-02-25 20:06:54,Ok,false,probably eating,,turdus merula,0,,0,,0,false,false,,,
IMG_0212.AVI,Arbutus\Rev10_20220317\Aune003_25,vid_w_anim_MD_last_run, 2022-02-25 20:07:04,Ok,false,,,turdus merula,0,,0,,0,false,false,,,
IMG_0219.AVI,Arbutus\Rev10_20220317\Aune003_25,vid_w_anim_MD_last_run, 2022-02-26 12:02:58,Ok,false,eating,,turdus merula,0,,0,,0,false,false,,,
IMG_0220.AVI,Arbutus\Rev10_20220317\Aune003_25,vid_w_anim_MD_last_run, 2022-02-26 14:00:58,Ok,false,,,turdus merula,0,,0,,0,false,false,,,
IMG_0221.AVI,Arbutus\Rev10_20220317\Aune003_25,vid_w_anim_MD_last_run, 2022-02-26 14:01:18,Ok,false,,,turdus merula,0,,0,,0,false,false,,,
IMG_0222.AVI,Arbutus\Rev10_20220317\Aune003_25,vid_w_anim_MD_last_run, 2022-02-26 14:56:08,Ok,false,eating,,turdus merula,0,,0,,0,false,false,,,
IMG_0223.AVI,Arbutus\Rev10_20220317\Aune003_25,vid_w_anim_MD_last_run, 2022-02-26 15:27:28,Ok,false,,,turdus merula,0,,0,,0,false,false,,,
IMG_0224.AVI,Arbutus\Rev10_20220317\Aune003_25,vid_w_anim_MD_last_run, 2022-02-26 15:29:22,Ok,false,probably eating,,turdus merula,0,,0,,0,false,false,,,
IMG_0225.AVI,Arbutus\Rev10_20220317\Aune003_25,vid_w_anim_MD_last_run, 2022-02-26 16:23:04,Ok,false,,,turdus merula,0,,0,,0,false,false,,,
IMG_0226.AVI,Arbutus\Rev10_20220317\Aune003_25,vid_w_anim_MD_last_run, 2022-02-26 17:14:08,Ok,false,eating,,turdus merula,0,,0,,0,false,false,,,
IMG_0227.AVI,Arbutus\Rev10_20220317\Aune003_25,vid_w_anim_MD_last_run, 2022-02-26 18:04:00,Ok,false,eating,,cervus elaphus,0,,0,,0,false,false,,,
IMG_0228.AVI,Arbutus\Rev10_20220317\Aune003_25,vid_w_anim_MD_last_run, 2022-02-26 18:35:34,Ok,false,,,turdus merula,0,,0,,0,false,false,,,
IMG_0229.AVI,Arbutus\Rev10_20220317\Aune003_25,vid_w_anim_MD_last_run, 2022-02-26 18:56:20,Ok,false,,,turdus merula,0,,0,,0,false,false,,,
IMG_0230.AVI,Arbutus\Rev10_20220317\Aune003_25,vid_w_anim_MD_last_run, 2022-02-26 19:37:54,Ok,false,,,turdus merula,0,,0,,0,false,false,,,
IMG_0231.AVI,Arbutus\Rev10_20220317\Aune003_25,vid_w_anim_MD_last_run, 2022-02-26 19:52:30,Ok,false,,,turdus merula,0,,0,,0,false,false,,,
IMG_0232.AVI,Arbutus\Rev10_20220317\Aune003_25,vid_w_anim_MD_last_run, 2022-02-26 19:52:46,Ok,false,,,turdus merula,0,,0,,0,false,false,,,
IMG_0242.AVI,Arbutus\Rev10_20220317\Aune003_25,vid_w_anim_MD_last_run, 2022-02-27 09:38:20,Ok,false,,,turdus merula,0,,0,,0,false,false,,,
IMG_0243.AVI,Arbutus\Rev10_20220317\Aune003_25,vid_w_anim_MD_last_run, 2022-02-27 10:31:42,Ok,false,,,turdus merula,0,,0,,0,false,false,,,
IMG_0245.AVI,Arbutus\Rev10_20220317\Aune003_25,vid_w_anim_MD_last_run, 2022-02-27 11:27:58,Ok,false,eating,,turdus merula,0,,0,,0,false,false,,,
IMG_0246.AVI,Arbutus\Rev10_20220317\Aune003_25,vid_w_anim_MD_last_run, 2022-02-27 11:46:12,Ok,false,eating,,turdus merula,0,,0,,0,false,false,,,
IMG_0247.AVI,Arbutus\Rev10_20220317\Aune003_25,vid_w_anim_MD_last_run, 2022-02-27 11:57:40,Ok,false,,,turdus merula,0,,0,,0,false,false,,,
IMG_0248.AVI,Arbutus\Rev10_20220317\Aune003_25,vid_w_anim_MD_last_run, 2022-02-27 12:09:16,Ok,false,,,turdus merula,0,,0,,0,false,false,,,
IMG_0250.AVI,Arbutus\Rev10_20220317\Aune003_25,vid_w_anim_MD_last_run, 2022-02-27 13:41:06,Ok,false,,,turdus merula,0,,0,,0,false,false,,,
IMG_0253.AVI,Arbutus\Rev10_20220317\Aune003_25,vid_w_anim_MD_last_run, 2022-02-27 14:13:50,Ok,false,,,turdus merula,0,,0,,0,false,false,,,
IMG_0257.AVI,Arbutus\Rev10_20220317\Aune003_25,vid_w_anim_MD_last_run, 2022-02-27 14:43:12,Ok,false,,,turdus merula,0,,0,,0,false,false,,,
IMG_0289.AVI,Arbutus\Rev10_20220317\Aune003_25,vid_w_anim_MD_last_run, 2022-02-27 17:59:38,Ok,false,,,turdus merula,0,,0,,0,false,false,,,
IMG_0290.AVI,Arbutus\Rev10_20220317\Aune003_25,vid_w_anim_MD_last_run, 2022-02-27 18:20:44,Ok,false,,,turdus merula,0,,0,,0,false,false,,,
IMG_0291.AVI,Arbutus\Rev10_20220317\Aune003_25,vid_w_anim_MD_last_run, 2022-02-27 19:26:00,Ok,false,,,turdus merula,0,,0,,0,false,false,,,
IMG_0293.AVI,Arbutus\Rev10_20220317\Aune003_25,vid_w_anim_MD_last_run, 2022-02-27 19:32:28,Ok,false,,,turdus merula,0,,0,,0,false,false,,,
IMG_0294.AVI,Arbutus\Rev10_20220317\Aune003_25,vid_w_anim_MD_last_run, 2022-02-27 19:41:48,Ok,false,,,turdus merula,0,,0,,0,false,false,,,
IMG_0295.AVI,Arbutus\Rev10_20220317\Aune003_25,vid_w_anim_MD_last_run, 2022-02-27 19:44:40,Ok,false,,,turdus merula,0,,0,,0,false,false,,,
IMG_0296.AVI,Arbutus\Rev10_20220317\Aune003_25,vid_w_anim_MD_last_run, 2022-02-27 20:09:06,Ok,false,eating,,cervus elaphus,0,,0,,0,false,false,,,
IMG_0297.AVI,Arbutus\Rev10_20220317\Aune003_25,vid_w_anim_MD_last_run, 2022-02-27 20:18:14,Ok,false,,,turdus merula,0,,0,,0,false,false,,,
IMG_0299.AVI,Arbutus\Rev10_20220317\Aune003_25,vid_w_anim_MD_last_run, 2022-02-27 20:22:54,Ok,false,,,turdus merula,0,,0,,0,false,false,,,
IMG_0307.AVI,Arbutus\Rev10_20220317\Aune003_25,vid_w_anim_MD_last_run, 2022-02-28 09:36:30,Ok,false,eating,,turdus merula,0,,0,,0,false,false,,,
IMG_0308.AVI,Arbutus\Rev10_20220317\Aune003_25,vid_w_anim_MD_last_run, 2022-02-28 11:33:58,Ok,false,,,turdus merula,0,,0,,0,false,false,,,
IMG_0309.AVI,Arbutus\Rev10_20220317\Aune003_25,vid_w_anim_MD_last_run, 2022-02-28 12:19:48,Ok,false,,,turdus merula,0,,0,,0,false,false,,,
IMG_0310.AVI,Arbutus\Rev10_20220317\Aune003_25,vid_w_anim_MD_last_run, 2022-02-28 12:21:06,Ok,false,,,turdus merula,0,,0,,0,false,false,,,
IMG_0311.AVI,Arbutus\Rev10_20220317\Aune003_25,vid_w_anim_MD_last_run, 2022-02-28 13:32:42,Ok,false,,,turdus merula,0,,0,,0,false,false,,,
IMG_0331.AVI,Arbutus\Rev10_20220317\Aune003_25,vid_w_anim_MD_last_run, 2022-02-28 17:11:26,Ok,false,,,turdus merula,0,,0,,0,false,false,,,
IMG_0333.AVI,Arbutus\Rev10_20220317\Aune003_25,vid_w_anim_MD_last_run, 2022-02-28 18:51:54,Ok,false,,,turdus merula,0,,0,,0,false,false,,,
IMG_0335.AVI,Arbutus\Rev10_20220317\Aune003_25,vid_w_anim_MD_last_run, 2022-02-28 19:54:10,Ok,false,,,turdus merula,0,,0,,0,false,false,,,
IMG_0336.AVI,Arbutus\Rev10_20220317\Aune003_25,vid_w_anim_MD_last_run, 2022-02-28 19:54:24,Ok,false,,,turdus merula,0,,0,,0,false,false,,,
IMG_0337.AVI,Arbutus\Rev10_20220317\Aune003_25,vid_w_anim_MD_last_run, 2022-02-28 20:07:14,Ok,false,,,turdus merula,0,,0,,0,false,false,,,
IMG_0354.AVI,Arbutus\Rev10_20220317\Aune003_25,vid_w_anim_MD_last_run, 2022-03-01 09:13:10,Ok,false,searching for food,,cervus elaphus,0,,0,,0,false,false,,,
IMG_0355.AVI,Arbutus\Rev10_20220317\Aune003_25,vid_w_anim_MD_last_run, 2022-03-01 09:15:28,Ok,false,searching for food,,cervus elaphus,0,,0,,0,false,false,,,
IMG_0356.AVI,Arbutus\Rev10_20220317\Aune003_25,vid_w_anim_MD_last_run, 2022-03-01 09:52:02,Ok,false,,,turdus merula,0,,0,,0,false,false,,,
IMG_0358.AVI,Arbutus\Rev10_20220317\Aune003_25,vid_w_anim_MD_last_run, 2022-03-01 12:41:38,Ok,false,,,turdus merula,0,,0,,0,false,false,,,
IMG_0359.AVI,Arbutus\Rev10_20220317\Aune003_25,vid_w_anim_MD_last_run, 2022-03-01 13:08:30,Ok,false,eating,,turdus merula,0,,0,,0,false,false,,,
IMG_0360.AVI,Arbutus\Rev10_20220317\Aune003_25,vid_w_anim_MD_last_run, 2022-03-01 13:09:34,Ok,false,,,turdus merula,0,,0,,0,false,false,,,
IMG_0362.AVI,Arbutus\Rev10_20220317\Aune003_25,vid_w_anim_MD_last_run, 2022-03-01 14:04:30,Ok,false,,,turdus merula,0,,0,,0,false,false,,,
IMG_0367.AVI,Arbutus\Rev10_20220317\Aune003_25,vid_w_anim_MD_last_run, 2022-03-01 14:43:18,Ok,false,,,turdus merula,0,,0,,0,false,false,,,
IMG_0392.AVI,Arbutus\Rev10_20220317\Aune003_25,vid_w_anim_MD_last_run, 2022-03-01 19:28:12,Ok,false,,,turdus merula,0,,0,,0,false,false,,,
IMG_0393.AVI,Arbutus\Rev10_20220317\Aune003_25,vid_w_anim_MD_last_run, 2022-03-01 19:32:06,Ok,false,,,turdus merula,0,,0,,0,false,false,,,
IMG_0394.AVI,Arbutus\Rev10_20220317\Aune003_25,vid_w_anim_MD_last_run, 2022-03-01 19:57:24,Ok,false,,,turdus merula,0,,0,,0,false,false,,,
IMG_0395.AVI,Arbutus\Rev10_20220317\Aune003_25,vid_w_anim_MD_last_run, 2022-03-01 19:58:12,Ok,false,,,turdus merula,0,,0,,0,false,false,,,
IMG_0401.AVI,Arbutus\Rev10_20220317\Aune003_25,vid_w_anim_MD_last_run, 2022-03-02 12:18:06,Ok,false,,,turdus merula,0,,0,,0,false,false,,,
IMG_0403.AVI,Arbutus\Rev10_20220317\Aune003_25,vid_w_anim_MD_last_run, 2022-03-02 12:44:40,Ok,false,,,turdus merula,0,,0,,0,false,false,,,
IMG_0405.AVI,Arbutus\Rev10_20220317\Aune003_25,vid_w_anim_MD_last_run, 2022-03-02 13:04:54,Ok,false,probably eating,,turdus merula,0,,0,,0,false,false,,,
IMG_0421.AVI,Arbutus\Rev10_20220317\Aune003_25,vid_w_anim_MD_last_run, 2022-03-02 14:52:26,Ok,false,,,turdus merula,0,,0,,0,false,false,,,
IMG_0443.AVI,Arbutus\Rev10_20220317\Aune003_25,vid_w_anim_MD_last_run, 2022-03-02 15:12:10,Ok,false,,,,0,,0,,0,false,false,,,
IMG_0465.AVI,Arbutus\Rev10_20220317\Aune003_25,vid_w_anim_MD_last_run, 2022-03-02 15:29:50,Ok,false,,,,0,,0,,0,false,false,,,
IMG_0513.AVI,Arbutus\Rev10_20220317\Aune003_25,vid_w_anim_MD_last_run, 2022-03-02 16:09:02,Ok,false,,,turdus merula,0,,0,,0,false,false,,,
IMG_0537.AVI,Arbutus\Rev10_20220317\Aune003_25,vid_w_anim_MD_last_run, 2022-03-02 17:32:08,Ok,false,,,turdus merula,0,,0,,0,false,false,,,
IMG_0539.AVI,Arbutus\Rev10_20220317\Aune003_25,vid_w_anim_MD_last_run, 2022-03-02 19:37:34,Ok,false,,,turdus merula,0,,0,,0,false,false,,,
IMG_0540.AVI,Arbutus\Rev10_20220317\Aune003_25,vid_w_anim_MD_last_run, 2022-03-02 19:45:40,Ok,false,,,turdus merula,0,,0,,0,false,false,,,
IMG_0542.AVI,Arbutus\Rev10_20220317\Aune003_25,vid_w_anim_MD_last_run, 2022-03-03 10:25:06,Ok,false,,,turdus merula,0,,0,,0,false,false,,,
IMG_0545.AVI,Arbutus\Rev10_20220317\Aune003_25,vid_w_anim_MD_last_run, 2022-03-03 13:21:52,Ok,false,,,turdus merula,0,,0,,0,false,false,,,
IMG_0549.AVI,Arbutus\Rev10_20220317\Aune003_25,vid_w_anim_MD_last_run, 2022-03-03 13:30:48,Ok,false,,,turdus merula,0,,0,,0,false,false,,,
IMG_0550.AVI,Arbutus\Rev10_20220317\Aune003_25,vid_w_anim_MD_last_run, 2022-03-03 14:30:44,Ok,false,,,turdus merula,0,,0,,0,false,false,,,
IMG_0552.AVI,Arbutus\Rev10_20220317\Aune003_25,vid_w_anim_MD_last_run, 2022-03-03 14:31:44,Ok,false,probably eating,,turdus merula,0,,0,,0,false,false,,,
IMG_0553.AVI,Arbutus\Rev10_20220317\Aune003_25,vid_w_anim_MD_last_run, 2022-03-03 14:44:58,Ok,false,,,turdus merula,0,,0,,0,false,false,,,
IMG_0554.AVI,Arbutus\Rev10_20220317\Aune003_25,vid_w_anim_MD_last_run, 2022-03-03 17:23:44,Ok,false,,,turdus merula,0,,0,,0,false,false,,,
IMG_0555.AVI,Arbutus\Rev10_20220317\Aune003_25,vid_w_anim_MD_last_run, 2022-03-03 17:24:04,Ok,false,,,turdus merula,0,,0,,0,false,false,,,
IMG_0556.AVI,Arbutus\Rev10_20220317\Aune003_25,vid_w_anim_MD_last_run, 2022-03-03 17:36:04,Ok,false,,,turdus merula,0,,0,,0,false,false,,,
IMG_0558.AVI,Arbutus\Rev10_20220317\Aune003_25,vid_w_anim_MD_last_run, 2022-03-03 18:04:14,Ok,false,,,turdus merula,0,,0,,0,false,false,,,
IMG_0561.AVI,Arbutus\Rev10_20220317\Aune003_25,vid_w_anim_MD_last_run, 2022-03-03 18:59:36,Ok,false,,,turdus merula,0,,0,,0,false,false,,,
IMG_0562.AVI,Arbutus\Rev10_20220317\Aune003_25,vid_w_anim_MD_last_run, 2022-03-03 19:12:36,Ok,false,,,turdus merula,0,,0,,0,false,false,,,
IMG_0565.AVI,Arbutus\Rev10_20220317\Aune003_25,vid_w_anim_MD_last_run, 2022-03-03 19:23:50,Ok,false,,,turdus merula,0,,0,,0,false,false,,,
IMG_0566.AVI,Arbutus\Rev10_20220317\Aune003_25,vid_w_anim_MD_last_run, 2022-03-04 12:02:14,Ok,false,,,turdus merula,0,,0,,0,false,false,,,
IMG_0001.AVI,Arbutus\Rev9_20220222\Aune003_25,vid_w_anim_MD_last_run, 2022-02-09 11:57:32,Ok,false,,,person,0,,0,,0,false,false,,,
IMG_0004.AVI,Arbutus\Rev9_20220222\Aune003_25,vid_w_anim_MD_last_run, 2022-02-09 13:05:12,Ok,false,,,turdus merula,0,,0,,0,false,false,,,
IMG_0006.AVI,Arbutus\Rev9_20220222\Aune003_25,vid_w_anim_MD_last_run, 2022-02-09 14:23:56,Ok,false,,,turdus merula,2,,0,,0,false,false,,,
IMG_0011.AVI,Arbutus\Rev9_20220222\Aune003_25,vid_w_anim_MD_last_run, 2022-02-09 15:21:38,Ok,false,probably eating,,turdus merula,0,,0,,0,false,false,,,
IMG_0041.AVI,Arbutus\Rev9_20220222\Aune003_25,vid_w_anim_MD_last_run, 2022-02-09 17:25:20,Ok,false,eating,,turdus merula,0,,0,,0,false,false,,,
IMG_0042.AVI,Arbutus\Rev9_20220222\Aune003_25,vid_w_anim_MD_last_run, 2022-02-09 17:25:44,Ok,false,,,turdus merula,0,,0,,0,false,false,,,
IMG_0043.AVI,Arbutus\Rev9_20220222\Aune003_25,vid_w_anim_MD_last_run, 2022-02-09 17:34:44,Ok,false,,,turdus merula,0,,0,,0,false,false,,,
IMG_0044.AVI,Arbutus\Rev9_20220222\Aune003_25,vid_w_anim_MD_last_run, 2022-02-09 18:16:48,Ok,false,eating,,turdus merula,0,,0,,0,false,false,,,
IMG_0045.AVI,Arbutus\Rev9_20220222\Aune003_25,vid_w_anim_MD_last_run, 2022-02-09 18:17:28,Ok,false,eating,,turdus merula,0,,0,,0,false,false,,,
IMG_0046.AVI,Arbutus\Rev9_20220222\Aune003_25,vid_w_anim_MD_last_run, 2022-02-09 18:18:14,Ok,false,,,turdus merula,0,,0,,0,false,false,,,
IMG_0047.AVI,Arbutus\Rev9_20220222\Aune003_25,vid_w_anim_MD_last_run, 2022-02-09 18:18:46,Ok,false,,,turdus merula,0,,0,,0,false,false,,,
IMG_0048.AVI,Arbutus\Rev9_20220222\Aune003_25,vid_w_anim_MD_last_run, 2022-02-09 18:19:14,Ok,false,,,turdus merula,0,,0,,0,false,false,,,
IMG_0049.AVI,Arbutus\Rev9_20220222\Aune003_25,vid_w_anim_MD_last_run, 2022-02-09 18:26:02,Ok,false,,,turdus merula,2,,0,,0,false,false,,,
IMG_0050.AVI,Arbutus\Rev9_20220222\Aune003_25,vid_w_anim_MD_last_run, 2022-02-09 18:48:52,Ok,false,,,turdus merula,2,,0,,0,false,false,,,
IMG_0052.AVI,Arbutus\Rev9_20220222\Aune003_25,vid_w_anim_MD_last_run, 2022-02-09 18:53:24,Ok,false,,,turdus merula,0,,0,,0,false,false,,,
IMG_0053.AVI,Arbutus\Rev9_20220222\Aune003_25,vid_w_anim_MD_last_run, 2022-02-09 18:55:26,Ok,false,,,turdus merula,0,,0,,0,false,false,,,
IMG_0054.AVI,Arbutus\Rev9_20220222\Aune003_25,vid_w_anim_MD_last_run, 2022-02-09 18:55:50,Ok,false,,,turdus merula,0,,0,,0,false,false,,,
IMG_0055.AVI,Arbutus\Rev9_20220222\Aune003_25,vid_w_anim_MD_last_run, 2022-02-09 18:56:02,Ok,false,,,turdus merula,0,erithacus rubecula,0,,0,false,false,,,
IMG_0058.AVI,Arbutus\Rev9_20220222\Aune003_25,vid_w_anim_MD_last_run, 2022-02-09 19:02:46,Ok,false,,,turdus merula,0,,0,,0,false,false,,,
IMG_0059.AVI,Arbutus\Rev9_20220222\Aune003_25,vid_w_anim_MD_last_run, 2022-02-09 19:03:44,Ok,false,eating,,turdus merula,2,,0,,0,false,false,,,
IMG_0060.AVI,Arbutus\Rev9_20220222\Aune003_25,vid_w_anim_MD_last_run, 2022-02-09 19:03:58,Ok,false,,,turdus merula,0,,0,,0,false,false,,,
IMG_0062.AVI,Arbutus\Rev9_20220222\Aune003_25,vid_w_anim_MD_last_run, 2022-02-09 19:20:26,Ok,false,,,turdus merula,2,,0,,0,false,false,,,
IMG_0063.AVI,Arbutus\Rev9_20220222\Aune003_25,vid_w_anim_MD_last_run, 2022-02-09 19:20:46,Ok,false,,,turdus merula,2,,0,,0,false,false,,,
IMG_0066.AVI,Arbutus\Rev9_20220222\Aune003_25,vid_w_anim_MD_last_run, 2022-02-10 09:26:46,Ok,false,,,turdus merula,0,,0,,0,false,false,,,
IMG_0067.AVI,Arbutus\Rev9_20220222\Aune003_25,vid_w_anim_MD_last_run, 2022-02-10 10:21:58,Ok,false,,,turdus merula,0,,0,,0,false,false,,,
IMG_0068.AVI,Arbutus\Rev9_20220222\Aune003_25,vid_w_anim_MD_last_run, 2022-02-10 10:22:12,Ok,false,,,turdus merula,0,,0,,0,false,false,,,
IMG_0070.AVI,Arbutus\Rev9_20220222\Aune003_25,vid_w_anim_MD_last_run, 2022-02-10 10:50:12,Ok,false,eating,,turdus merula,0,,0,,0,false,false,,,
IMG_0071.AVI,Arbutus\Rev9_20220222\Aune003_25,vid_w_anim_MD_last_run, 2022-02-10 10:51:38,Ok,false,eating,,turdus merula,0,,0,,0,false,false,,,
IMG_0072.AVI,Arbutus\Rev9_20220222\Aune003_25,vid_w_anim_MD_last_run, 2022-02-10 10:59:48,Ok,false,,,turdus merula,0,,0,,0,false,false,,,
IMG_0073.AVI,Arbutus\Rev9_20220222\Aune003_25,vid_w_anim_MD_last_run, 2022-02-10 11:07:06,Ok,false,eating,,turdus merula,0,erithacus rubecula,0,,0,false,false,,,
IMG_0074.AVI,Arbutus\Rev9_20220222\Aune003_25,vid_w_anim_MD_last_run, 2022-02-10 11:11:08,Ok,false,eating,,turdus merula,0,,0,,0,false,false,,,
IMG_0075.AVI,Arbutus\Rev9_20220222\Aune003_25,vid_w_anim_MD_last_run, 2022-02-10 11:12:40,Ok,false,eating,,turdus merula,0,,0,,0,false,false,,,
IMG_0077.AVI,Arbutus\Rev9_20220222\Aune003_25,vid_w_anim_MD_last_run, 2022-02-10 11:18:22,Ok,false,,,turdus merula,0,,0,,0,false,false,,,
IMG_0078.AVI,Arbutus\Rev9_20220222\Aune003_25,vid_w_anim_MD_last_run, 2022-02-10 11:37:10,Ok,false,eating,,turdus merula,0,,0,,0,false,false,,,
IMG_0079.AVI,Arbutus\Rev9_20220222\Aune003_25,vid_w_anim_MD_last_run, 2022-02-10 11:43:52,Ok,false,,,turdus merula,0,?,0,,0,false,false,,,
IMG_0080.AVI,Arbutus\Rev9_20220222\Aune003_25,vid_w_anim_MD_last_run, 2022-02-10 11:52:26,Ok,false,,,turdus merula,0,,0,,0,false,false,,,
IMG_0081.AVI,Arbutus\Rev9_20220222\Aune003_25,vid_w_anim_MD_last_run, 2022-02-10 11:56:30,Ok,false,eating,,turdus merula,0,,0,,0,false,false,,,
IMG_0082.AVI,Arbutus\Rev9_20220222\Aune003_25,vid_w_anim_MD_last_run, 2022-02-10 11:56:50,Ok,false,eating,,turdus merula,0,,0,,0,false,false,,,
IMG_0084.AVI,Arbutus\Rev9_20220222\Aune003_25,vid_w_anim_MD_last_run, 2022-02-10 12:16:50,Ok,false,eating,,turdus merula,0,,0,,0,false,false,,,
IMG_0085.AVI,Arbutus\Rev9_20220222\Aune003_25,vid_w_anim_MD_last_run, 2022-02-10 12:18:20,Ok,false,eating,,turdus merula,0,,0,,0,false,false,,,
IMG_0087.AVI,Arbutus\Rev9_20220222\Aune003_25,vid_w_anim_MD_last_run, 2022-02-10 12:20:36,Ok,false,eating,,turdus merula,0,,0,,0,false,false,,,
IMG_0088.AVI,Arbutus\Rev9_20220222\Aune003_25,vid_w_anim_MD_last_run, 2022-02-10 12:34:24,Ok,false,eating,,turdus merula,0,,0,,0,false,false,,,
IMG_0089.AVI,Arbutus\Rev9_20220222\Aune003_25,vid_w_anim_MD_last_run, 2022-02-10 12:35:30,Ok,false,eating,,turdus merula,0,,0,,0,false,false,,,
IMG_0090.AVI,Arbutus\Rev9_20220222\Aune003_25,vid_w_anim_MD_last_run, 2022-02-10 12:37:00,Ok,false,,,turdus merula,0,,0,,0,false,false,,,
IMG_0091.AVI,Arbutus\Rev9_20220222\Aune003_25,vid_w_anim_MD_last_run, 2022-02-10 12:37:20,Ok,false,eating,,turdus merula,2,,0,,0,false,false,,,
IMG_0093.AVI,Arbutus\Rev9_20220222\Aune003_25,vid_w_anim_MD_last_run, 2022-02-10 12:38:14,Ok,false,eating,,turdus merula,0,,0,,0,false,false,,,
IMG_0094.AVI,Arbutus\Rev9_20220222\Aune003_25,vid_w_anim_MD_last_run, 2022-02-10 12:38:28,Ok,false,eating,,turdus merula,0,,0,,0,false,false,,,
IMG_0095.AVI,Arbutus\Rev9_20220222\Aune003_25,vid_w_anim_MD_last_run, 2022-02-10 12:38:56,Ok,false,,,turdus merula,0,,0,,0,false,false,,,
IMG_0098.AVI,Arbutus\Rev9_20220222\Aune003_25,vid_w_anim_MD_last_run, 2022-02-10 12:44:14,Ok,false,,,turdus merula,3,,0,,0,false,false,,,
IMG_0099.AVI,Arbutus\Rev9_20220222\Aune003_25,vid_w_anim_MD_last_run, 2022-02-10 12:44:48,Ok,false,eating,,turdus merula,0,,0,,0,false,false,,,
IMG_0100.AVI,Arbutus\Rev9_20220222\Aune003_25,vid_w_anim_MD_last_run, 2022-02-10 12:52:42,Ok,false,eating,,turdus merula,0,?,0,,0,false,false,,,
IMG_0102.AVI,Arbutus\Rev9_20220222\Aune003_25,vid_w_anim_MD_last_run, 2022-02-10 13:12:40,Ok,false,,,turdus merula,0,,0,,0,false,false,,,
IMG_0103.AVI,Arbutus\Rev9_20220222\Aune003_25,vid_w_anim_MD_last_run, 2022-02-10 13:33:06,Ok,false,,,turdus merula,0,,0,,0,false,false,,,
IMG_0106.AVI,Arbutus\Rev9_20220222\Aune003_25,vid_w_anim_MD_last_run, 2022-02-10 13:43:52,Ok,false,,,turdus merula,0,,0,,0,false,false,,,
IMG_0109.AVI,Arbutus\Rev9_20220222\Aune003_25,vid_w_anim_MD_last_run, 2022-02-10 14:21:14,Ok,false,eating,,turdus merula,0,,0,,0,false,false,,,
IMG_0111.AVI,Arbutus\Rev9_20220222\Aune003_25,vid_w_anim_MD_last_run, 2022-02-10 14:33:28,Ok,false,,,turdus merula,0,,0,,0,false,false,,,
IMG_0123.AVI,Arbutus\Rev9_20220222\Aune003_25,vid_w_anim_MD_last_run, 2022-02-10 15:51:38,Ok,false,,,turdus merula,2,,0,,0,false,false,,,
IMG_0125.AVI,Arbutus\Rev9_20220222\Aune003_25,vid_w_anim_MD_last_run, 2022-02-10 15:53:42,Ok,false,eating,,turdus merula,0,,0,,0,false,false,,,
IMG_0126.AVI,Arbutus\Rev9_20220222\Aune003_25,vid_w_anim_MD_last_run, 2022-02-10 15:54:30,Ok,false,eating,,turdus merula,0,,0,,0,false,false,,,
IMG_0132.AVI,Arbutus\Rev9_20220222\Aune003_25,vid_w_anim_MD_last_run, 2022-02-10 16:02:40,Ok,false,,,turdus merula,0,,0,,0,false,false,,,
IMG_0136.AVI,Arbutus\Rev9_20220222\Aune003_25,vid_w_anim_MD_last_run, 2022-02-10 16:32:38,Ok,false,,,turdus merula,0,,0,,0,false,false,,,
IMG_0140.AVI,Arbutus\Rev9_20220222\Aune003_25,vid_w_anim_MD_last_run, 2022-02-10 16:55:58,Ok,false,,,turdus merula,0,,0,,0,false,false,,,
IMG_0141.AVI,Arbutus\Rev9_20220222\Aune003_25,vid_w_anim_MD_last_run, 2022-02-10 17:13:34,Ok,false,probably eating,,turdus merula,0,,0,,0,false,false,,,
IMG_0143.AVI,Arbutus\Rev9_20220222\Aune003_25,vid_w_anim_MD_last_run, 2022-02-10 17:24:38,Ok,false,eating,,turdus merula,0,,0,,0,false,false,,,
IMG_0144.AVI,Arbutus\Rev9_20220222\Aune003_25,vid_w_anim_MD_last_run, 2022-02-10 17:32:08,Ok,false,,,turdus merula,0,,0,,0,false,false,,,
IMG_0145.AVI,Arbutus\Rev9_20220222\Aune003_25,vid_w_anim_MD_last_run, 2022-02-10 18:14:38,Ok,false,,,turdus merula,0,,0,,0,false,false,,,
IMG_0146.AVI,Arbutus\Rev9_20220222\Aune003_25,vid_w_anim_MD_last_run, 2022-02-10 18:16:24,Ok,false,eating,,turdus merula,2,,0,,0,false,false,,,
IMG_0147.AVI,Arbutus\Rev9_20220222\Aune003_25,vid_w_anim_MD_last_run, 2022-02-10 18:28:52,Ok,false,probably eating,,turdus merula,0,,0,,0,false,false,,,
IMG_0148.AVI,Arbutus\Rev9_20220222\Aune003_25,vid_w_anim_MD_last_run, 2022-02-10 18:56:30,Ok,false,,,turdus merula,0,,0,,0,false,false,,,
IMG_0149.AVI,Arbutus\Rev9_20220222\Aune003_25,vid_w_anim_MD_last_run, 2022-02-10 18:58:34,Ok,false,,,turdus merula,0,,0,,0,false,false,,,
IMG_0150.AVI,Arbutus\Rev9_20220222\Aune003_25,vid_w_anim_MD_last_run, 2022-02-10 22:39:26,Ok,false,eating,,cervus elaphus,0,,0,,0,false,false,,,
IMG_0151.AVI,Arbutus\Rev9_20220222\Aune003_25,vid_w_anim_MD_last_run, 2022-02-10 22:39:50,Ok,false,probably eating,,cervus elaphus,0,,0,,0,false,false,,,
IMG_0152.AVI,Arbutus\Rev9_20220222\Aune003_25,vid_w_anim_MD_last_run, 2022-02-11 08:59:48,Ok,false,,,turdus merula,0,,0,,0,false,false,,,
IMG_0156.AVI,Arbutus\Rev9_20220222\Aune003_25,vid_w_anim_MD_last_run, 2022-02-11 10:03:40,Ok,false,,,turdus merula,0,,0,,0,false,false,,,
IMG_0157.AVI,Arbutus\Rev9_20220222\Aune003_25,vid_w_anim_MD_last_run, 2022-02-11 10:03:54,Ok,false,,,turdus merula,0,,0,,0,false,false,,,
IMG_0158.AVI,Arbutus\Rev9_20220222\Aune003_25,vid_w_anim_MD_last_run, 2022-02-11 10:04:18,Ok,false,,,turdus merula,0,,0,,0,false,false,,,
IMG_0159.AVI,Arbutus\Rev9_20220222\Aune003_25,vid_w_anim_MD_last_run, 2022-02-11 10:05:44,Ok,false,,,turdus merula,2,,0,,0,false,false,,,
IMG_0160.AVI,Arbutus\Rev9_20220222\Aune003_25,vid_w_anim_MD_last_run, 2022-02-11 10:07:30,Ok,false,,,turdus merula,2,,0,,0,false,false,,,
IMG_0161.AVI,Arbutus\Rev9_20220222\Aune003_25,vid_w_anim_MD_last_run, 2022-02-11 10:08:12,Ok,false,,,turdus merula,0,,0,,0,false,false,,,
IMG_0163.AVI,Arbutus\Rev9_20220222\Aune003_25,vid_w_anim_MD_last_run, 2022-02-11 10:38:04,Ok,false,searching for food,,sus scrofa,0,,0,,0,false,false,,,
IMG_0164.AVI,Arbutus\Rev9_20220222\Aune003_25,vid_w_anim_MD_last_run, 2022-02-11 10:49:08,Ok,false,,,turdus merula,0,,0,,0,false,false,,,
IMG_0165.AVI,Arbutus\Rev9_20220222\Aune003_25,vid_w_anim_MD_last_run, 2022-02-11 10:54:00,Ok,false,,,turdus merula,0,,0,,0,false,false,,,
IMG_0166.AVI,Arbutus\Rev9_20220222\Aune003_25,vid_w_anim_MD_last_run, 2022-02-11 10:55:26,Ok,false,,,turdus merula,0,,0,,0,false,false,,,
IMG_0167.AVI,Arbutus\Rev9_20220222\Aune003_25,vid_w_anim_MD_last_run, 2022-02-11 10:56:00,Ok,false,,,turdus merula,0,,0,,0,false,false,,,
IMG_0169.AVI,Arbutus\Rev9_20220222\Aune003_25,vid_w_anim_MD_last_run, 2022-02-11 10:59:44,Ok,false,,,turdus merula,0,,0,,0,false,false,,,
IMG_0170.AVI,Arbutus\Rev9_20220222\Aune003_25,vid_w_anim_MD_last_run, 2022-02-11 11:00:10,Ok,false,,,turdus merula,0,,0,,0,false,false,,,
IMG_0173.AVI,Arbutus\Rev9_20220222\Aune003_25,vid_w_anim_MD_last_run, 2022-02-11 11:22:20,Ok,false,,,turdus merula,0,,0,,0,false,false,,,
IMG_0174.AVI,Arbutus\Rev9_20220222\Aune003_25,vid_w_anim_MD_last_run, 2022-02-11 11:30:10,Ok,false,,,turdus merula,0,,0,,0,false,false,,,
IMG_0176.AVI,Arbutus\Rev9_20220222\Aune003_25,vid_w_anim_MD_last_run, 2022-02-11 11:55:04,Ok,false,eating,,turdus merula,2,,0,,0,false,true,,,
IMG_0177.AVI,Arbutus\Rev9_20220222\Aune003_25,vid_w_anim_MD_last_run, 2022-02-11 11:59:58,Ok,false,,,turdus merula,0,,0,,0,false,false,,,
IMG_0178.AVI,Arbutus\Rev9_20220222\Aune003_25,vid_w_anim_MD_last_run, 2022-02-11 12:00:10,Ok,false,,,turdus merula,0,,0,,0,false,false,,,
IMG_0180.AVI,Arbutus\Rev9_20220222\Aune003_25,vid_w_anim_MD_last_run, 2022-02-11 12:15:04,Ok,false,eating,,turdus merula,0,,0,,0,false,false,,,
IMG_0181.AVI,Arbutus\Rev9_20220222\Aune003_25,vid_w_anim_MD_last_run, 2022-02-11 12:16:10,Ok,false,eating,,turdus merula,0,,0,,0,false,false,,,
IMG_0182.AVI,Arbutus\Rev9_20220222\Aune003_25,vid_w_anim_MD_last_run, 2022-02-11 12:36:26,Ok,false,eating,,turdus merula,0,,0,,0,false,false,,,
IMG_0183.AVI,Arbutus\Rev9_20220222\Aune003_25,vid_w_anim_MD_last_run, 2022-02-11 12:36:38,Ok,false,eating,,turdus merula,0,,0,,0,false,false,,,
IMG_0184.AVI,Arbutus\Rev9_20220222\Aune003_25,vid_w_anim_MD_last_run, 2022-02-11 12:46:58,Ok,false,,,turdus merula,0,,0,,0,false,false,,,
IMG_0185.AVI,Arbutus\Rev9_20220222\Aune003_25,vid_w_anim_MD_last_run, 2022-02-11 12:47:14,Ok,false,eating,,turdus merula,0,,0,,0,false,false,,,
IMG_0186.AVI,Arbutus\Rev9_20220222\Aune003_25,vid_w_anim_MD_last_run, 2022-02-11 12:59:12,Ok,false,,,turdus merula,2,,0,,0,false,false,,,
IMG_0187.AVI,Arbutus\Rev9_20220222\Aune003_25,vid_w_anim_MD_last_run, 2022-02-11 13:00:42,Ok,false,,,turdus merula,0,,0,,0,false,false,,,
IMG_0188.AVI,Arbutus\Rev9_20220222\Aune003_25,vid_w_anim_MD_last_run, 2022-02-11 13:17:30,Ok,false,,,turdus merula,0,,0,,0,false,false,,,
IMG_0189.AVI,Arbutus\Rev9_20220222\Aune003_25,vid_w_anim_MD_last_run, 2022-02-11 13:17:58,Ok,false,eating,,turdus merula,0,,0,,0,false,false,,,
IMG_0191.AVI,Arbutus\Rev9_20220222\Aune003_25,vid_w_anim_MD_last_run, 2022-02-11 13:18:46,Ok,false,eating,,turdus merula,0,,0,,0,false,false,,,
IMG_0192.AVI,Arbutus\Rev9_20220222\Aune003_25,vid_w_anim_MD_last_run, 2022-02-11 13:19:20,Ok,false,eating,,turdus merula,0,,0,,0,false,false,,,
IMG_0193.AVI,Arbutus\Rev9_20220222\Aune003_25,vid_w_anim_MD_last_run, 2022-02-11 13:19:42,Ok,false,eating,,turdus merula,0,,0,,0,false,false,,,
IMG_0195.AVI,Arbutus\Rev9_20220222\Aune003_25,vid_w_anim_MD_last_run, 2022-02-11 13:25:34,Ok,false,eating,,turdus merula,0,,0,,0,false,false,,,
IMG_0196.AVI,Arbutus\Rev9_20220222\Aune003_25,vid_w_anim_MD_last_run, 2022-02-11 13:25:54,Ok,false,,,turdus merula,0,,0,,0,false,false,,,
IMG_0197.AVI,Arbutus\Rev9_20220222\Aune003_25,vid_w_anim_MD_last_run, 2022-02-11 13:35:38,Ok,false,eating,,turdus merula,0,,0,,0,false,false,,,
IMG_0200.AVI,Arbutus\Rev9_20220222\Aune003_25,vid_w_anim_MD_last_run, 2022-02-11 14:08:20,Ok,false,eating,,turdus merula,0,,0,,0,false,false,,,
IMG_0201.AVI,Arbutus\Rev9_20220222\Aune003_25,vid_w_anim_MD_last_run, 2022-02-11 14:09:38,Ok,false,,,turdus merula,0,,0,,0,false,false,,,
IMG_0202.AVI,Arbutus\Rev9_20220222\Aune003_25,vid_w_anim_MD_last_run, 2022-02-11 14:09:52,Ok,false,,,turdus merula,0,,0,,0,false,false,,,
IMG_0204.AVI,Arbutus\Rev9_20220222\Aune003_25,vid_w_anim_MD_last_run, 2022-02-11 14:27:32,Ok,false,,,turdus merula,0,,0,,0,false,false,,,
IMG_0205.AVI,Arbutus\Rev9_20220222\Aune003_25,vid_w_anim_MD_last_run, 2022-02-11 14:41:28,Ok,false,eating,,turdus merula,0,,0,,0,false,false,,,
IMG_0208.AVI,Arbutus\Rev9_20220222\Aune003_25,vid_w_anim_MD_last_run, 2022-02-11 14:44:28,Ok,false,,,turdus merula,2,,0,,0,false,false,,,
IMG_0209.AVI,Arbutus\Rev9_20220222\Aune003_25,vid_w_anim_MD_last_run, 2022-02-11 14:56:22,Ok,false,eating,,turdus merula,0,,0,,0,false,false,,,
IMG_0210.AVI,Arbutus\Rev9_20220222\Aune003_25,vid_w_anim_MD_last_run, 2022-02-11 14:56:56,Ok,false,,,turdus merula,0,,0,,0,false,false,,,
IMG_0221.AVI,Arbutus\Rev9_20220222\Aune003_25,vid_w_anim_MD_last_run, 2022-02-11 15:23:30,Ok,false,other interaction (note in obs),,cyanopica cooki,2,,0,,0,false,false,eating something,,
IMG_0286.AVI,Arbutus\Rev9_20220222\Aune003_25,vid_w_anim_MD_last_run, 2022-02-11 16:02:36,Ok,false,eating,,turdus merula,0,,0,,0,false,false,,,
IMG_0287.AVI,Arbutus\Rev9_20220222\Aune003_25,vid_w_anim_MD_last_run, 2022-02-11 16:02:52,Ok,false,eating,,turdus merula,0,,0,,0,false,false,,,
IMG_0289.AVI,Arbutus\Rev9_20220222\Aune003_25,vid_w_anim_MD_last_run, 2022-02-11 16:04:28,Ok,false,,,turdus merula,0,,0,,0,false,false,,,
IMG_0328.AVI,Arbutus\Rev9_20220222\Aune003_25,vid_w_anim_MD_last_run, 2022-02-11 16:40:10,Ok,false,,,turdus merula,0,,0,,0,false,false,,,
IMG_0329.AVI,Arbutus\Rev9_20220222\Aune003_25,vid_w_anim_MD_last_run, 2022-02-11 16:40:22,Ok,false,,,turdus merula,0,,0,,0,false,false,,,
IMG_0340.AVI,Arbutus\Rev9_20220222\Aune003_25,vid_w_anim_MD_last_run, 2022-02-11 17:23:32,Ok,false,eating,,turdus merula,0,,0,,0,false,false,,,
IMG_0342.AVI,Arbutus\Rev9_20220222\Aune003_25,vid_w_anim_MD_last_run, 2022-02-11 17:54:10,Ok,false,,,turdus merula,2,,0,,0,false,false,,,
IMG_0343.AVI,Arbutus\Rev9_20220222\Aune003_25,vid_w_anim_MD_last_run, 2022-02-11 17:54:26,Ok,false,eating,,turdus merula,0,,0,,0,false,false,,,
IMG_0344.AVI,Arbutus\Rev9_20220222\Aune003_25,vid_w_anim_MD_last_run, 2022-02-11 18:05:30,Ok,false,eating,,turdus merula,0,,0,,0,false,false,,,
IMG_0346.AVI,Arbutus\Rev9_20220222\Aune003_25,vid_w_anim_MD_last_run, 2022-02-11 18:21:12,Ok,false,,,turdus merula,0,,0,,0,false,false,,,
IMG_0347.AVI,Arbutus\Rev9_20220222\Aune003_25,vid_w_anim_MD_last_run, 2022-02-11 18:21:58,Ok,false,,,turdus merula,0,,0,,0,false,false,,,
IMG_0348.AVI,Arbutus\Rev9_20220222\Aune003_25,vid_w_anim_MD_last_run, 2022-02-11 18:28:48,Ok,false,,,turdus merula,0,,0,,0,false,false,,,
IMG_0349.AVI,Arbutus\Rev9_20220222\Aune003_25,vid_w_anim_MD_last_run, 2022-02-11 18:35:44,Ok,false,,,turdus merula,2,,0,,0,false,false,,,
IMG_0350.AVI,Arbutus\Rev9_20220222\Aune003_25,vid_w_anim_MD_last_run, 2022-02-11 18:37:16,Ok,false,eating,,turdus merula,0,,0,,0,false,false,,,
IMG_0351.AVI,Arbutus\Rev9_20220222\Aune003_25,vid_w_anim_MD_last_run, 2022-02-11 18:38:16,Ok,false,,,turdus merula,0,,0,,0,false,false,,,
IMG_0352.AVI,Arbutus\Rev9_20220222\Aune003_25,vid_w_anim_MD_last_run, 2022-02-11 18:42:00,Ok,false,eating,,turdus merula,0,,0,,0,false,false,,,
IMG_0353.AVI,Arbutus\Rev9_20220222\Aune003_25,vid_w_anim_MD_last_run, 2022-02-11 18:42:44,Ok,false,eating,,turdus merula,0,,0,,0,false,false,,,
IMG_0354.AVI,Arbutus\Rev9_20220222\Aune003_25,vid_w_anim_MD_last_run, 2022-02-11 18:46:06,Ok,false,,,turdus merula,0,,0,,0,false,false,,,
IMG_0355.AVI,Arbutus\Rev9_20220222\Aune003_25,vid_w_anim_MD_last_run, 2022-02-11 18:57:00,Ok,false,eating,,turdus merula,0,,0,,0,false,false,,,
IMG_0356.AVI,Arbutus\Rev9_20220222\Aune003_25,vid_w_anim_MD_last_run, 2022-02-11 18:57:46,Ok,false,eating,,turdus merula,0,,0,,0,false,false,,,
IMG_0357.AVI,Arbutus\Rev9_20220222\Aune003_25,vid_w_anim_MD_last_run, 2022-02-11 18:59:08,Ok,false,,,turdus merula,0,,0,,0,false,false,,,
IMG_0358.AVI,Arbutus\Rev9_20220222\Aune003_25,vid_w_anim_MD_last_run, 2022-02-11 19:03:08,Ok,false,,,turdus merula,0,,0,,0,false,false,,,
IMG_0359.AVI,Arbutus\Rev9_20220222\Aune003_25,vid_w_anim_MD_last_run, 2022-02-11 19:26:16,Ok,false,,,turdus merula,0,,0,,0,false,false,,,
IMG_0360.AVI,Arbutus\Rev9_20220222\Aune003_25,vid_w_anim_MD_last_run, 2022-02-11 19:57:04,Ok,false,probably eating,,cervus elaphus,0,,0,,0,false,false,,,
IMG_0361.AVI,Arbutus\Rev9_20220222\Aune003_25,vid_w_anim_MD_last_run, 2022-02-11 19:58:38,Ok,false,eating,,cervus elaphus,0,,0,,0,false,false,,,
IMG_0362.AVI,Arbutus\Rev9_20220222\Aune003_25,vid_w_anim_MD_last_run, 2022-02-12 09:20:02,Ok,false,,,turdus merula,0,,0,,0,false,false,,,
IMG_0363.AVI,Arbutus\Rev9_20220222\Aune003_25,vid_w_anim_MD_last_run, 2022-02-12 09:43:38,Ok,false,,,turdus merula,0,,0,,0,false,false,,,
IMG_0364.AVI,Arbutus\Rev9_20220222\Aune003_25,vid_w_anim_MD_last_run, 2022-02-12 09:48:10,Ok,false,,,turdus merula,0,,0,,0,false,false,,,
IMG_0365.AVI,Arbutus\Rev9_20220222\Aune003_25,vid_w_anim_MD_last_run, 2022-02-12 09:50:20,Ok,false,,,turdus merula,0,,0,,0,false,false,,,
IMG_0367.AVI,Arbutus\Rev9_20220222\Aune003_25,vid_w_anim_MD_last_run, 2022-02-12 10:27:30,Ok,false,eating,,turdus merula,0,,0,,0,false,false,,,
IMG_0369.AVI,Arbutus\Rev9_20220222\Aune003_25,vid_w_anim_MD_last_run, 2022-02-12 10:33:08,Ok,false,eating,,turdus merula,0,,0,,0,false,false,,,
IMG_0370.AVI,Arbutus\Rev9_20220222\Aune003_25,vid_w_anim_MD_last_run, 2022-02-12 10:33:22,Ok,false,eating,,turdus merula,0,,0,,0,false,false,,,
IMG_0372.AVI,Arbutus\Rev9_20220222\Aune003_25,vid_w_anim_MD_last_run, 2022-02-12 11:30:06,Ok,false,eating,,turdus merula,2,,0,,0,false,true,,,
IMG_0373.AVI,Arbutus\Rev9_20220222\Aune003_25,vid_w_anim_MD_last_run, 2022-02-12 11:31:06,Ok,false,eating,,turdus merula,2,,0,,0,false,false,,,
IMG_0374.AVI,Arbutus\Rev9_20220222\Aune003_25,vid_w_anim_MD_last_run, 2022-02-12 11:31:28,Ok,false,eating,,turdus merula,0,,0,,0,false,false,,,
IMG_0375.AVI,Arbutus\Rev9_20220222\Aune003_25,vid_w_anim_MD_last_run, 2022-02-12 11:32:20,Ok,false,,,turdus merula,0,,0,,0,false,false,,,
IMG_0376.AVI,Arbutus\Rev9_20220222\Aune003_25,vid_w_anim_MD_last_run, 2022-02-12 12:34:04,Ok,false,,,turdus merula,0,,0,,0,false,false,,,
IMG_0377.AVI,Arbutus\Rev9_20220222\Aune003_25,vid_w_anim_MD_last_run, 2022-02-12 12:41:30,Ok,false,eating,,turdus merula,0,,0,,0,false,false,,,
IMG_0378.AVI,Arbutus\Rev9_20220222\Aune003_25,vid_w_anim_MD_last_run, 2022-02-12 13:15:52,Ok,false,eating,,turdus merula,0,,0,,0,false,false,,,
IMG_0379.AVI,Arbutus\Rev9_20220222\Aune003_25,vid_w_anim_MD_last_run, 2022-02-12 13:16:08,Ok,false,,,turdus merula,0,,0,,0,false,false,,,
IMG_0380.AVI,Arbutus\Rev9_20220222\Aune003_25,vid_w_anim_MD_last_run, 2022-02-12 13:16:34,Ok,false,,,turdus merula,0,,0,,0,false,false,,,
IMG_0381.AVI,Arbutus\Rev9_20220222\Aune003_25,vid_w_anim_MD_last_run, 2022-02-12 13:27:28,Ok,false,,,turdus merula,0,,0,,0,false,false,,,
IMG_0383.AVI,Arbutus\Rev9_20220222\Aune003_25,vid_w_anim_MD_last_run, 2022-02-12 13:52:28,Ok,false,eating,,turdus merula,0,,0,,0,false,false,,,
IMG_0384.AVI,Arbutus\Rev9_20220222\Aune003_25,vid_w_anim_MD_last_run, 2022-02-12 13:53:42,Ok,false,,,turdus merula,0,,0,,0,false,false,,,
IMG_0385.AVI,Arbutus\Rev9_20220222\Aune003_25,vid_w_anim_MD_last_run, 2022-02-12 14:17:26,Ok,false,eating,,turdus merula,0,,0,,0,false,false,,,
IMG_0386.AVI,Arbutus\Rev9_20220222\Aune003_25,vid_w_anim_MD_last_run, 2022-02-12 15:04:18,Ok,false,,,turdus merula,0,,0,,0,false,false,,,
IMG_0387.AVI,Arbutus\Rev9_20220222\Aune003_25,vid_w_anim_MD_last_run, 2022-02-12 15:12:48,Ok,false,probably eating,,turdus merula,0,,0,,0,false,false,,,
IMG_0388.AVI,Arbutus\Rev9_20220222\Aune003_25,vid_w_anim_MD_last_run, 2022-02-12 15:14:56,Ok,false,eating,,turdus merula,0,,0,,0,false,false,,,
IMG_0389.AVI,Arbutus\Rev9_20220222\Aune003_25,vid_w_anim_MD_last_run, 2022-02-12 15:15:14,Ok,false,,,turdus merula,0,,0,,0,false,false,,,
IMG_0391.AVI,Arbutus\Rev9_20220222\Aune003_25,vid_w_anim_MD_last_run, 2022-02-12 15:46:48,Ok,false,,,turdus merula,0,,0,,0,false,false,,,
IMG_0392.AVI,Arbutus\Rev9_20220222\Aune003_25,vid_w_anim_MD_last_run, 2022-02-12 15:50:50,Ok,false,,,turdus merula,0,,0,,0,false,false,,,
IMG_0394.AVI,Arbutus\Rev9_20220222\Aune003_25,vid_w_anim_MD_last_run, 2022-02-12 18:39:48,Ok,false,,,turdus merula,0,,0,,0,false,false,,,
IMG_0395.AVI,Arbutus\Rev9_20220222\Aune003_25,vid_w_anim_MD_last_run, 2022-02-12 19:15:18,Ok,false,,,erithacus rubecula,0,,0,,0,false,false,,,
IMG_0396.AVI,Arbutus\Rev9_20220222\Aune003_25,vid_w_anim_MD_last_run, 2022-02-13 02:13:24,Ok,false,probably eating,,cervus elaphus,0,,0,,0,false,false,,,
IMG_0397.AVI,Arbutus\Rev9_20220222\Aune003_25,vid_w_anim_MD_last_run, 2022-02-13 02:13:46,Ok,false,probably eating,,cervus elaphus,0,,0,,0,false,false,,,
IMG_0398.AVI,Arbutus\Rev9_20220222\Aune003_25,vid_w_anim_MD_last_run, 2022-02-13 02:14:08,Ok,false,probably eating,,cervus elaphus,0,,0,,0,false,false,,,
IMG_0399.AVI,Arbutus\Rev9_20220222\Aune003_25,vid_w_anim_MD_last_run, 2022-02-13 02:14:32,Ok,false,probably eating,,cervus elaphus,0,,0,,0,false,false,,,
IMG_0400.AVI,Arbutus\Rev9_20220222\Aune003_25,vid_w_anim_MD_last_run, 2022-02-13 02:14:46,Ok,false,probably eating,,cervus elaphus,0,,0,,0,false,false,,,
IMG_0405.AVI,Arbutus\Rev9_20220222\Aune003_25,vid_w_anim_MD_last_run, 2022-02-13 09:52:14,Ok,false,eating,,cervus elaphus,0,,0,,0,false,false,,,
IMG_0406.AVI,Arbutus\Rev9_20220222\Aune003_25,vid_w_anim_MD_last_run, 2022-02-13 09:53:46,Ok,false,eating,,cervus elaphus,0,,0,,0,false,false,,,
IMG_0407.AVI,Arbutus\Rev9_20220222\Aune003_25,vid_w_anim_MD_last_run, 2022-02-13 10:04:34,Ok,false,eating,,cervus elaphus,0,,0,,0,false,false,,,
IMG_0413.AVI,Arbutus\Rev9_20220222\Aune003_25,vid_w_anim_MD_last_run, 2022-02-13 11:28:54,Ok,false,eating,,turdus merula,0,,0,,0,false,false,,,
IMG_0415.AVI,Arbutus\Rev9_20220222\Aune003_25,vid_w_anim_MD_last_run, 2022-02-13 12:23:14,Ok,false,,,turdus merula,0,,0,,0,false,false,,,
IMG_0416.AVI,Arbutus\Rev9_20220222\Aune003_25,vid_w_anim_MD_last_run, 2022-02-13 12:44:28,Ok,false,,,erithacus rubecula,0,,0,,0,false,false,,,
IMG_0417.AVI,Arbutus\Rev9_20220222\Aune003_25,vid_w_anim_MD_last_run, 2022-02-13 13:03:32,Ok,false,,,turdus merula,0,,0,,0,false,false,,,
IMG_0418.AVI,Arbutus\Rev9_20220222\Aune003_25,vid_w_anim_MD_last_run, 2022-02-13 13:16:48,Ok,false,eating,,turdus merula,0,,0,,0,false,false,,,
IMG_0419.AVI,Arbutus\Rev9_20220222\Aune003_25,vid_w_anim_MD_last_run, 2022-02-13 13:17:48,Ok,false,,,turdus merula,2,,0,,0,false,false,,,
IMG_0424.AVI,Arbutus\Rev9_20220222\Aune003_25,vid_w_anim_MD_last_run, 2022-02-13 14:25:54,Ok,false,,,turdus merula,0,,0,,0,false,false,,,
IMG_0455.AVI,Arbutus\Rev9_20220222\Aune003_25,vid_w_anim_MD_last_run, 2022-02-13 15:37:44,Ok,false,,,,0,,0,,0,false,false,,,
IMG_0458.AVI,Arbutus\Rev9_20220222\Aune003_25,vid_w_anim_MD_last_run, 2022-02-13 15:39:20,Ok,false,,,,0,,0,,0,false,false,,,
02090001.AVI,Arbutus\Rev9_20220222\Aune005_44,vid_w_anim_MD_last_run, 2022-02-09 12:08:42,Ok,false,,,person,0,,0,,0,false,false,,,
02120209.AVI,Arbutus\Rev9_20220222\Aune005_44,vid_w_anim_MD_last_run, 2022-02-12 04:39:40,Ok,false,,,cervus elaphus,2,,0,,0,false,false,,,
02120210.AVI,Arbutus\Rev9_20220222\Aune005_44,vid_w_anim_MD_last_run, 2022-02-12 04:39:56,Ok,false,,,cervus elaphus,2,,0,,0,false,false,,,
02220231.AVI,Arbutus\Rev9_20220222\Aune005_44,vid_w_anim_MD_last_run, 2022-02-22 12:21:20,Ok,false,,,person,0,,0,,0,false,false,,,
02140035.AVI,Arbutus\Rev9_20220222\Aune005_45,vid_w_anim_MD_last_run, 2022-02-14 03:02:30,Ok,false,,,,0,,0,,0,false,false,,,
02140039.AVI,Arbutus\Rev9_20220222\Aune005_45,vid_w_anim_MD_last_run, 2022-02-14 19:51:26,Ok,false,walking,,bos taurus,0,,0,,0,false,false,,,
02150050.AVI,Arbutus\Rev9_20220222\Aune005_45,vid_w_anim_MD_last_run, 2022-02-15 11:25:12,Ok,false,,,,0,,0,,0,false,false,,,
02150052.AVI,Arbutus\Rev9_20220222\Aune005_45,vid_w_anim_MD_last_run, 2022-02-15 11:35:00,Ok,false,,,,0,,0,,0,false,false,,,
02150058.AVI,Arbutus\Rev9_20220222\Aune005_45,vid_w_anim_MD_last_run, 2022-02-15 11:54:22,Ok,false,,,,0,,0,,0,false,false,,,
02160142.AVI,Arbutus\Rev9_20220222\Aune005_45,vid_w_anim_MD_last_run, 2022-02-16 13:07:56,Ok,false,,,,0,,0,,0,false,false,,,
02170158.AVI,Arbutus\Rev9_20220222\Aune005_45,vid_w_anim_MD_last_run, 2022-02-17 11:12:24,Ok,false,,,,0,,0,,0,false,false,,,
02170163.AVI,Arbutus\Rev9_20220222\Aune005_45,vid_w_anim_MD_last_run, 2022-02-17 11:53:56,Ok,false,,,,0,,0,,0,false,false,,,
IMG_0001.AVI,Arbutus\Rev9_20220222\Aune007_19,vid_w_anim_MD_last_run, 2022-02-09 11:52:22,Ok,false,,,person,0,,0,,0,false,false,,,
IMG_0002.AVI,Joxy\Rev3_20220222\Joxy001_21,vid_w_anim_MD_last_run, 2020-02-15 19:12:38,Ok,false,,,person,0,,0,,0,false,false,,,
IMG_0009.AVI,Joxy\Rev3_20220222\Joxy001_21,vid_w_anim_MD_last_run, 2022-02-03 14:49:08,Ok,false,eating,,cervus elaphus,0,,0,,0,false,true,,,
IMG_0015.AVI,Joxy\Rev3_20220222\Joxy001_21,vid_w_anim_MD_last_run, 2022-02-08 22:22:30,Ok,false,probably eating,,sus scrofa,0,,0,,0,false,false,,,
IMG_0016.AVI,Joxy\Rev3_20220222\Joxy001_21,vid_w_anim_MD_last_run, 2022-02-08 22:22:46,Ok,false,eating,,sus scrofa,0,,0,,0,false,false,,,
IMG_0017.AVI,Joxy\Rev3_20220222\Joxy001_21,vid_w_anim_MD_last_run, 2022-02-08 22:23:54,Ok,false,eating,,sus scrofa,0,,0,,0,false,false,,,
IMG_0018.AVI,Joxy\Rev3_20220222\Joxy001_21,vid_w_anim_MD_last_run, 2022-02-08 22:24:06,Ok,false,eating,,sus scrofa,0,,0,,0,false,false,,,
IMG_0019.AVI,Joxy\Rev3_20220222\Joxy001_21,vid_w_anim_MD_last_run, 2022-02-08 22:24:20,Ok,false,eating,,sus scrofa,0,,0,,0,false,false,,,
IMG_0024.AVI,Joxy\Rev3_20220222\Joxy001_21,vid_w_anim_MD_last_run, 2022-02-09 06:30:40,Ok,false,walking,,cervus elaphus,0,,0,,0,false,false,,,
IMG_0031.AVI,Joxy\Rev3_20220222\Joxy001_21,vid_w_anim_MD_last_run, 2022-02-23 00:17:08,Ok,false,,,person,0,,0,,0,false,false,,,
IMG_0001.AVI,Joxy\Rev3_20220222\Joxy002_11,vid_w_anim_MD_last_run, 2022-01-31 10:21:28,Ok,false,,,person,0,,0,,0,false,false,,,
IMG_0005.AVI,Joxy\Rev3_20220222\Joxy002_11,vid_w_anim_MD_last_run, 2022-02-01 23:26:48,Ok,false,walking,,oryctolagus cuniculus,0,,0,,0,false,false,,,
IMG_0132.AVI,Joxy\Rev3_20220222\Joxy002_11,vid_w_anim_MD_last_run, 2022-02-22 14:15:26,Ok,false,,,person,0,,0,,0,false,false,,,
IMG_0001.AVI,Joxy\Rev3_20220222\Joxy003_08,vid_w_anim_MD_last_run, 2022-01-31 10:21:38,Ok,false,,,person,0,,0,,0,false,false,,,
IMG_0014.AVI,Joxy\Rev3_20220222\Joxy003_08,vid_w_anim_MD_last_run, 2022-02-02 07:12:16,Ok,false,probably eating,,meles meles,0,,0,,0,false,false,,,
IMG_0020.AVI,Joxy\Rev3_20220222\Joxy003_08,vid_w_anim_MD_last_run, 2022-02-02 22:48:14,Ok,false,searching for food,,sus scrofa,0,,0,,0,false,false,,,
IMG_0035.AVI,Joxy\Rev3_20220222\Joxy003_08,vid_w_anim_MD_last_run, 2022-02-08 16:06:20,Ok,false,walking,,herpestes ichneumon,0,,0,,0,false,false,,,
IMG_0043.AVI,Joxy\Rev3_20220222\Joxy003_08,vid_w_anim_MD_last_run, 2022-02-09 04:34:08,Ok,false,,,lepus granatensis,0,,0,,0,false,false,,,
IMG_0052.AVI,Joxy\Rev3_20220222\Joxy003_08,vid_w_anim_MD_last_run, 2022-02-10 13:12:38,Ok,false,,,,0,,0,,0,false,false,,,
IMG_0237.AVI,Joxy\Rev3_20220222\Joxy003_08,vid_w_anim_MD_last_run, 2022-02-19 11:47:14,Ok,false,,,erithacus rubecula,0,,0,,0,false,false,,,
IMG_0252.AVI,Joxy\Rev3_20220222\Joxy003_08,vid_w_anim_MD_last_run, 2022-02-19 20:53:38,Ok,false,searching for food,,sus scrofa,2,,0,,0,false,false,,,
IMG_0253.AVI,Joxy\Rev3_20220222\Joxy003_08,vid_w_anim_MD_last_run, 2022-02-20 11:55:22,Ok,false,,,erithacus rubecula,0,,0,,0,false,false,,,
IMG_0259.AVI,Joxy\Rev3_20220222\Joxy003_08,vid_w_anim_MD_last_run, 2022-02-22 09:55:08,Ok,false,walking,,vulpes vulpes,0,,0,,0,false,false,,,
IMG_0260.AVI,Joxy\Rev3_20220222\Joxy003_08,vid_w_anim_MD_last_run, 2022-02-22 13:10:00,Ok,false,,,turdus merula,0,,0,,0,false,false,,,
IMG_0261.AVI,Joxy\Rev3_20220222\Joxy003_08,vid_w_anim_MD_last_run, 2022-02-22 14:30:04,Ok,false,,,person,0,,0,,0,false,false,,,
IMG_0262.AVI,Joxy\Rev3_20220222\Joxy003_08,vid_w_anim_MD_last_run, 2022-02-22 14:30:32,Ok,false,,,person,0,,0,,0,false,false,,,
IMG_0006.AVI,Joxy\Rev3_20220222\Joxy005_13,vid_w_anim_MD_last_run, 2022-02-07 12:12:16,Ok,false,,,person,0,,0,,0,false,false,,,
IMG_0009.AVI,Joxy\Rev3_20220222\Joxy005_13,vid_w_anim_MD_last_run, 2022-02-09 04:57:46,Ok,false,walking,,cervus elaphus,0,,0,,0,false,false,,,
IMG_0010.AVI,Joxy\Rev3_20220222\Joxy005_13,vid_w_anim_MD_last_run, 2022-02-10 02:10:58,Ok,false,,,cervus elaphus,0,,0,,0,false,false,,,
IMG_0011.AVI,Joxy\Rev3_20220222\Joxy005_13,vid_w_anim_MD_last_run, 2022-02-10 02:12:34,Ok,false,,,cervus elaphus,0,,0,,0,false,false,,,
IMG_0012.AVI,Joxy\Rev3_20220222\Joxy005_13,vid_w_anim_MD_last_run, 2022-02-10 02:12:50,Ok,false,,,cervus elaphus,0,,0,,0,false,false,,,
IMG_0013.AVI,Joxy\Rev3_20220222\Joxy005_13,vid_w_anim_MD_last_run, 2022-02-10 02:13:20,Ok,false,,,cervus elaphus,0,,0,,0,false,false,,,
IMG_0014.AVI,Joxy\Rev3_20220222\Joxy005_13,vid_w_anim_MD_last_run, 2022-02-10 02:15:52,Ok,false,,,cervus elaphus,0,,0,,0,false,false,,,
IMG_0017.AVI,Joxy\Rev3_20220222\Joxy005_13,vid_w_anim_MD_last_run, 2022-02-11 14:33:24,Ok,false,,,cervus elaphus,2,,0,,0,false,false,,,
IMG_0019.AVI,Joxy\Rev3_20220222\Joxy005_13,vid_w_anim_MD_last_run, 2022-02-16 23:45:04,Ok,false,walking,,cervus elaphus,0,,0,,0,true,false,,,
IMG_0023.AVI,Joxy\Rev3_20220222\Joxy005_13,vid_w_anim_MD_last_run, 2022-02-18 20:31:06,Ok,false,walking,,cervus elaphus,0,,0,,0,false,false,,,
IMG_0024.AVI,Joxy\Rev3_20220222\Joxy005_13,vid_w_anim_MD_last_run, 2022-02-18 21:12:56,Ok,false,walking,,cervus elaphus,0,,0,,0,false,false,,,
IMG_0025.AVI,Joxy\Rev3_20220222\Joxy005_13,vid_w_anim_MD_last_run, 2022-02-19 09:34:38,Ok,false,walking,,cervus elaphus,0,,0,,0,false,false,,,
IMG_0001.AVI,Joxy\Rev3_20220222\Joxy006_22,vid_w_anim_MD_last_run, 2022-01-31 10:07:50,Ok,false,,,person,0,,0,,0,false,false,,,
IMG_0002.AVI,Joxy\Rev3_20220222\Joxy006_22,vid_w_anim_MD_last_run, 2022-01-31 19:44:12,Ok,false,,,cervus elaphus,0,,0,,0,false,false,,,
IMG_0016.AVI,Joxy\Rev3_20220222\Joxy006_22,vid_w_anim_MD_last_run, 2022-02-15 08:46:28,Ok,false,probably eating,,cervus elaphus,0,,0,,0,false,false,,,
IMG_0017.AVI,Joxy\Rev3_20220222\Joxy006_22,vid_w_anim_MD_last_run, 2022-02-16 00:17:08,Ok,false,other interaction (note in obs),,vulpes vulpes,0,,0,,0,false,false,marking on joxy,,
IMG_0024.AVI,Joxy\Rev3_20220222\Joxy006_22,vid_w_anim_MD_last_run, 2022-02-16 21:43:28,Ok,false,eating,,cervus elaphus,0,,0,,0,false,false,,,
IMG_0025.AVI,Joxy\Rev3_20220222\Joxy006_22,vid_w_anim_MD_last_run, 2022-02-16 21:43:50,Ok,false,eating,,cervus elaphus,0,,0,,0,false,false,,,
IMG_0026.AVI,Joxy\Rev3_20220222\Joxy006_22,vid_w_anim_MD_last_run, 2022-02-16 21:44:12,Ok,false,eating,,cervus elaphus,0,,0,,0,false,true,,,
IMG_0027.AVI,Joxy\Rev3_20220222\Joxy006_22,vid_w_anim_MD_last_run, 2022-02-16 21:44:34,Ok,false,eating,,cervus elaphus,2,,0,,0,false,false,,,
IMG_0028.AVI,Joxy\Rev3_20220222\Joxy006_22,vid_w_anim_MD_last_run, 2022-02-16 21:44:56,Ok,false,eating,,cervus elaphus,2,,0,,0,false,false,,,
IMG_0029.AVI,Joxy\Rev3_20220222\Joxy006_22,vid_w_anim_MD_last_run, 2022-02-16 21:45:20,Ok,false,eating,,cervus elaphus,2,,0,,0,false,false,,,
IMG_0030.AVI,Joxy\Rev3_20220222\Joxy006_22,vid_w_anim_MD_last_run, 2022-02-16 21:45:42,Ok,false,,,cervus elaphus,2,,0,,0,false,false,,,
IMG_0031.AVI,Joxy\Rev3_20220222\Joxy006_22,vid_w_anim_MD_last_run, 2022-02-16 21:46:06,Ok,false,,,cervus elaphus,0,,0,,0,false,false,,,
IMG_0035.AVI,Joxy\Rev3_20220222\Joxy006_22,vid_w_anim_MD_last_run, 2022-02-17 20:11:06,Ok,false,,,cervus elaphus,0,,0,,0,false,false,,,
IMG_0037.AVI,Joxy\Rev3_20220222\Joxy006_22,vid_w_anim_MD_last_run, 2022-02-19 06:24:04,Ok,false,eating,male,cervus elaphus,0,,0,,0,false,false,,,
IMG_0038.AVI,Joxy\Rev3_20220222\Joxy006_22,vid_w_anim_MD_last_run, 2022-02-19 06:24:44,Ok,false,eating,male,cervus elaphus,0,,0,,0,false,false,,,
IMG_0039.AVI,Joxy\Rev3_20220222\Joxy006_22,vid_w_anim_MD_last_run, 2022-02-19 06:25:06,Ok,false,eating,male,cervus elaphus,0,,0,,0,false,false,,,
IMG_0040.AVI,Joxy\Rev3_20220222\Joxy006_22,vid_w_anim_MD_last_run, 2022-02-19 06:25:20,Ok,false,eating,male,cervus elaphus,0,,0,,0,false,false,,,
IMG_0041.AVI,Joxy\Rev3_20220222\Joxy006_22,vid_w_anim_MD_last_run, 2022-02-19 06:25:32,Ok,false,eating,male,cervus elaphus,0,,0,,0,false,false,,,
IMG_0042.AVI,Joxy\Rev3_20220222\Joxy006_22,vid_w_anim_MD_last_run, 2022-02-19 06:26:10,Ok,false,eating,male,cervus elaphus,0,,0,,0,false,false,,,
IMG_0043.AVI,Joxy\Rev3_20220222\Joxy006_22,vid_w_anim_MD_last_run, 2022-02-19 06:27:14,Ok,false,eating,male,cervus elaphus,0,,0,,0,false,false,,,
IMG_0046.AVI,Joxy\Rev3_20220222\Joxy006_22,vid_w_anim_MD_last_run, 2022-02-22 14:19:58,Ok,false,,,person,0,,0,,0,false,false,,,
IMG_0001.AVI,Joxy\Rev3_20220222\Joxy007_23,vid_w_anim_MD_last_run, 2022-01-31 10:17:22,Ok,false,,,person,0,,0,,0,false,false,,,
IMG_0003.AVI,Joxy\Rev3_20220222\Joxy007_23,vid_w_anim_MD_last_run, 2022-02-01 14:31:44,Ok,false,,,turdus merula,0,,0,,0,false,false,,,
IMG_0028.AVI,Joxy\Rev3_20220222\Joxy007_23,vid_w_anim_MD_last_run, 2022-02-22 14:48:52,Ok,false,,,person,0,,0,,0,false,false,,,
IMG_0029.AVI,Joxy\Rev3_20220222\Joxy007_23,vid_w_anim_MD_last_run, 2022-02-22 14:49:20,Ok,false,,,person,0,,0,,0,false,false,,,
IMG_0001.AVI,Joxy\Rev3_20220222\Joxy008_24,vid_w_anim_MD_last_run, 2022-01-31 10:02:42,Ok,false,,,person,0,,0,,0,false,false,,,
IMG_0011.AVI,Joxy\Rev3_20220222\Joxy008_24,vid_w_anim_MD_last_run, 2022-02-22 14:08:30,Ok,false,,,person,0,,0,,0,false,false,,,
01310001.AVI,Joxy\Rev3_20220222\Joxy012_50,vid_w_anim_MD_last_run, 2022-01-31 10:33:34,Ok,false,,,person,0,,0,,0,false,false,,,
01310002.AVI,Joxy\Rev3_20220222\Joxy012_50,vid_w_anim_MD_last_run, 2022-01-31 10:33:50,Ok,false,,,person,0,,0,,0,false,false,,,
01310003.AVI,Joxy\Rev3_20220222\Joxy012_50,vid_w_anim_MD_last_run, 2022-01-31 10:34:06,Ok,false,,,person,0,,0,,0,false,false,,,
01310001.AVI,Joxy\Rev3_20220222\Joxy013_49,vid_w_anim_MD_last_run, 2022-01-31 10:34:26,Ok,false,,,person,0,,0,,0,false,false,,,
02010404.AVI,Joxy\Rev3_20220222\Joxy013_49,vid_w_anim_MD_last_run, 2022-02-01 16:40:18,Ok,false,eating,,vulpes vulpes,0,,0,,0,false,false,,,
02010405.AVI,Joxy\Rev3_20220222\Joxy013_49,vid_w_anim_MD_last_run, 2022-02-01 16:40:34,Ok,false,probably eating,,vulpes vulpes,0,,0,,0,false,false,,,
02010406.AVI,Joxy\Rev3_20220222\Joxy013_49,vid_w_anim_MD_last_run, 2022-02-01 16:40:50,Ok,false,searching for food,,vulpes vulpes,0,,0,,0,false,false,,,
02010407.AVI,Joxy\Rev3_20220222\Joxy013_49,vid_w_anim_MD_last_run, 2022-02-01 16:41:06,Ok,false,probably eating,,vulpes vulpes,0,,0,,0,false,false,,,
02010427.AVI,Joxy\Rev3_20220222\Joxy013_49,vid_w_anim_MD_last_run, 2022-02-01 16:55:36,Ok,false,,,,0,,0,,0,false,false,,,
02010428.AVI,Joxy\Rev3_20220222\Joxy013_49,vid_w_anim_MD_last_run, 2022-02-01 16:56:42,Ok,false,,,,0,,0,,0,false,false,,,
02010432.AVI,Joxy\Rev3_20220222\Joxy013_49,vid_w_anim_MD_last_run, 2022-02-01 16:59:24,Ok,false,,,,0,,0,,0,false,false,,,
02010486.AVI,Joxy\Rev3_20220222\Joxy013_49,vid_w_anim_MD_last_run, 2022-02-01 18:29:28,Ok,false,probably eating,,vulpes vulpes,0,,0,,0,false,false,,,
02080714.AVI,Joxy\Rev3_20220222\Joxy013_49,vid_w_anim_MD_last_run, 2022-02-08 18:27:28,Ok,false,,,,0,,0,,0,false,false,,,
02080716.AVI,Joxy\Rev3_20220222\Joxy013_49,vid_w_anim_MD_last_run, 2022-02-08 18:34:38,Ok,false,,,,0,,0,,0,false,false,,,
02080718.AVI,Joxy\Rev3_20220222\Joxy013_49,vid_w_anim_MD_last_run, 2022-02-08 18:37:26,Ok,false,,,,0,,0,,0,false,false,,,
02110748.AVI,Joxy\Rev3_20220222\Joxy013_49,vid_w_anim_MD_last_run, 2022-02-11 07:42:36,Ok,false,walking,,vulpes vulpes,0,,0,,0,false,false,,,
02160770.AVI,Joxy\Rev3_20220222\Joxy013_49,vid_w_anim_MD_last_run, 2022-02-16 19:52:18,Ok,false,walking,,vulpes vulpes,0,,0,,0,false,false,,,
02190772.AVI,Joxy\Rev3_20220222\Joxy013_49,vid_w_anim_MD_last_run, 2022-02-19 04:04:22,Ok,false,,,vulpes vulpes,0,,0,,0,false,false,,,
IMG_0001.AVI,Myrtus\Rev10_20220222\Mcom003_06,vid_w_anim_MD_last_run, 2022-02-09 09:10:30,Ok,false,,,person,0,,0,,0,false,false,,,
IMG_0001.AVI,Myrtus\Rev10_20220222\Mcom004_27,vid_w_anim_MD_last_run, 2022-02-09 09:16:54,Ok,false,,,person,0,,0,,0,false,false,,,
IMG_0049.AVI,Myrtus\Rev10_20220222\Mcom004_27,vid_w_anim_MD_last_run, 2022-02-14 14:06:56,Ok,false,,,,0,,0,,0,false,false,,,
IMG_0355.AVI,Myrtus\Rev10_20220222\Mcom004_27,vid_w_anim_MD_last_run, 2022-02-22 09:32:28,Ok,false,,,person,0,,0,,0,false,false,,,
IMG_0001.AVI,Myrtus\Rev10_20220222\Mcom_005_16,vid_w_anim_MD_last_run, 2022-02-09 09:30:46,Ok,false,,,person,0,,0,,0,false,false,,,
IMG_0012.AVI,Myrtus\Rev11_20220317\Mcom004_27,vid_w_anim_MD_last_run, 2022-02-22 12:42:30,Ok,false,,,turdus merula,0,,0,,0,false,false,,,
IMG_0008.AVI,Myrtus\Rev11_20220317\Mcom005_40,vid_w_anim_MD_last_run, 2022-02-22 10:06:50,Ok,false,,,person,0,,0,,0,false,false,,,
IMG_0001.AVI,Pinus\Rev10_20220317\Ppin003_20,vid_w_anim_MD_last_run, 2022-02-22 08:10:38,Ok,false,,,person,0,,0,,0,false,false,,,
IMG_0003.AVI,Pinus\Rev10_20220317\Ppin003_20,vid_w_anim_MD_last_run, 2022-03-01 14:45:18,Ok,false,eating,,cyanistes caerulius,0,,0,,0,false,true,Se lleva un pin!!!,,
IMG_0004.AVI,Pinus\Rev10_20220317\Ppin003_20,vid_w_anim_MD_last_run, 2022-03-13 12:01:02,Ok,false,searching for food,,cyanopica cooki,2,,0,,0,false,false,,,
IMG_0005.AVI,Pinus\Rev10_20220317\Ppin003_20,vid_w_anim_MD_last_run, 2022-03-17 09:12:42,Ok,false,,,person,0,,0,,0,false,false,,,
IMG_0001.AVI,Pinus\Rev10_20220317\Ppin004_47,vid_w_anim_MD_last_run, 2022-02-22 10:14:44,Ok,false,,,person,0,,0,,0,false,false,,,
IMG_0003.AVI,Pinus\Rev10_20220317\Ppin004_47,vid_w_anim_MD_last_run, 2022-02-23 20:23:36,Ok,false,,,?,0,,0,,0,false,false,,,
IMG_0004.AVI,Pinus\Rev10_20220317\Ppin004_47,vid_w_anim_MD_last_run, 2022-02-24 23:28:36,Ok,false,walking,,meles meles,0,,0,,0,false,false,,,
IMG_0005.AVI,Pinus\Rev10_20220317\Ppin004_47,vid_w_anim_MD_last_run, 2022-03-03 21:07:52,Ok,false,,,bos taurus,0,,0,,0,false,false,,,
IMG_0012.AVI,Pinus\Rev10_20220317\Ppin004_47,vid_w_anim_MD_last_run, 2022-03-17 11:16:48,Ok,false,,,person,0,,0,,0,false,false,,,
IMG_0013.AVI,Pinus\Rev10_20220317\Ppin004_47,vid_w_anim_MD_last_run, 2022-03-17 11:17:06,Ok,false,,,person,0,,0,,0,false,false,,,
IMG_0001.AVI,Pinus\Rev9_20220222\Ppin003_20,vid_w_anim_MD_last_run, 2022-02-09 08:53:26,Ok,false,,,person,0,,0,,0,false,false,,,
IMG_0002.AVI,Pinus\Rev9_20220222\Ppin003_20,vid_w_anim_MD_last_run, 2022-02-13 11:41:16,Ok,false,,,cyanistes caerulius,0,,0,,0,false,true,,,
IMG_0006.AVI,Pinus\Rev9_20220222\Ppin003_20,vid_w_anim_MD_last_run, 2022-02-15 18:59:00,Ok,false,walking,,sus scrofa,2,,0,,0,false,false,,,
IMG_0009.AVI,Pinus\Rev9_20220222\Ppin003_20,vid_w_anim_MD_last_run, 2022-02-22 08:08:52,Ok,false,,,person,0,,0,,0,false,false,,,
IMG_0010.AVI,Pinus\Rev9_20220222\Ppin003_20,vid_w_anim_MD_last_run, 2022-02-22 08:09:20,Ok,false,,,person,0,,0,,0,false,false,,,
IMG_0001.AVI,Pinus\Rev9_20220222\Ppin004_47,vid_w_anim_MD_last_run, 2022-02-09 10:59:36,Ok,false,,,person,0,,0,,0,false,false,,,
IMG_0003.AVI,Pinus\Rev9_20220222\Ppin004_47,vid_w_anim_MD_last_run, 2022-02-13 13:41:10,Ok,false,,,cyanistes caerulius,0,,0,,0,false,false,,,
IMG_0010.AVI,Pinus\Rev9_20220222\Ppin004_47,vid_w_anim_MD_last_run, 2022-02-22 10:12:34,Ok,false,,,person,0,,0,,0,false,false,,,
IMG_0002.AVI,Smilax\Rev8_20220222\Sas002_03,vid_w_anim_MD_last_run, 2022-02-09 08:39:20,Ok,false,,,person,0,,0,,0,false,false,,,
IMG_0007.AVI,Smilax\Rev8_20220222\Sas002_03,vid_w_anim_MD_last_run, 2022-02-22 07:43:02,Ok,false,,,person,0,,0,,0,false,false,,,
IMG_0009.AVI,Smilax\Rev8_20220222\Sas002_03,vid_w_anim_MD_last_run, 2022-02-22 07:44:24,Ok,false,,,person,0,,0,,0,false,false,,,
IMG_0002.AVI,Smilax\Rev8_20220222\Sasp003_04,vid_w_anim_MD_last_run, 2022-02-09 08:44:00,Ok,false,,,person,0,,0,,0,false,false,,,
IMG_0026.AVI,Smilax\Rev8_20220222\Sasp003_04,vid_w_anim_MD_last_run, 2022-02-12 11:06:10,Ok,false,,,,0,,0,,0,false,false,,,
IMG_0229.AVI,Smilax\Rev8_20220222\Sasp003_04,vid_w_anim_MD_last_run, 2022-02-22 07:49:38,Ok,false,,,person,0,,0,,0,false,false,,,
IMG_0042.AVI,Smilax\Rev8_20220222\Sasp004_05,vid_w_anim_MD_last_run, 2022-02-09 11:49:36,Ok,false,,,,0,,0,,0,false,false,,,
IMG_0093.AVI,Smilax\Rev8_20220222\Sasp004_05,vid_w_anim_MD_last_run, 2022-02-09 14:58:28,Ok,false,,,,0,,0,,0,false,false,,,
IMG_0094.AVI,Smilax\Rev8_20220222\Sasp004_05,vid_w_anim_MD_last_run, 2022-02-09 15:28:02,Ok,false,,,,0,,0,,0,false,false,,,
IMG_0122.AVI,Smilax\Rev8_20220222\Sasp004_05,vid_w_anim_MD_last_run, 2022-02-10 12:09:02,Ok,false,,,,0,,0,,0,false,false,,,
IMG_0132.AVI,Smilax\Rev8_20220222\Sasp004_05,vid_w_anim_MD_last_run, 2022-02-10 12:39:40,Ok,false,,,,0,,0,,0,false,false,,,
IMG_0143.AVI,Smilax\Rev8_20220222\Sasp004_05,vid_w_anim_MD_last_run, 2022-02-10 13:01:30,Ok,false,,,,0,,0,,0,false,false,,,
IMG_0155.AVI,Smilax\Rev8_20220222\Sasp004_05,vid_w_anim_MD_last_run, 2022-02-10 14:56:32,Ok,false,,,,0,,0,,0,false,false,,,
IMG_0177.AVI,Smilax\Rev8_20220222\Sasp004_05,vid_w_anim_MD_last_run, 2022-02-11 12:59:06,Ok,false,,,,0,,0,,0,false,false,,,
IMG_0179.AVI,Smilax\Rev8_20220222\Sasp004_05,vid_w_anim_MD_last_run, 2022-02-11 13:13:20,Ok,false,,,,0,,0,,0,false,false,,,
IMG_0182.AVI,Smilax\Rev8_20220222\Sasp004_05,vid_w_anim_MD_last_run, 2022-02-11 13:15:42,Ok,false,,,,0,,0,,0,false,false,,,
IMG_0189.AVI,Smilax\Rev8_20220222\Sasp004_05,vid_w_anim_MD_last_run, 2022-02-11 13:32:42,Ok,false,,,,0,,0,,0,false,false,,,
IMG_0191.AVI,Smilax\Rev8_20220222\Sasp004_05,vid_w_anim_MD_last_run, 2022-02-11 13:34:46,Ok,false,,,,0,,0,,0,false,false,,,
IMG_0194.AVI,Smilax\Rev8_20220222\Sasp004_05,vid_w_anim_MD_last_run, 2022-02-11 13:37:08,Ok,false,,,,0,,0,,0,false,false,,,
IMG_0205.AVI,Smilax\Rev8_20220222\Sasp004_05,vid_w_anim_MD_last_run, 2022-02-11 13:44:08,Ok,false,,,,0,,0,,0,false,false,,,
IMG_0215.AVI,Smilax\Rev8_20220222\Sasp004_05,vid_w_anim_MD_last_run, 2022-02-11 13:49:50,Ok,false,,,,0,,0,,0,false,false,,,
IMG_0217.AVI,Smilax\Rev8_20220222\Sasp004_05,vid_w_anim_MD_last_run, 2022-02-11 13:50:22,Ok,false,,,,0,,0,,0,false,false,,,
IMG_0222.AVI,Smilax\Rev8_20220222\Sasp004_05,vid_w_anim_MD_last_run, 2022-02-11 13:53:40,Ok,false,,,,0,,0,,0,false,false,,,
IMG_0230.AVI,Smilax\Rev8_20220222\Sasp004_05,vid_w_anim_MD_last_run, 2022-02-11 13:57:48,Ok,false,,,,0,,0,,0,false,false,,,
IMG_0233.AVI,Smilax\Rev8_20220222\Sasp004_05,vid_w_anim_MD_last_run, 2022-02-11 14:00:08,Ok,false,,,,0,,0,,0,false,false,,,
IMG_0235.AVI,Smilax\Rev8_20220222\Sasp004_05,vid_w_anim_MD_last_run, 2022-02-11 14:01:26,Ok,false,,,,0,,0,,0,false,false,,,
IMG_0238.AVI,Smilax\Rev8_20220222\Sasp004_05,vid_w_anim_MD_last_run, 2022-02-11 14:03:40,Ok,false,,,,0,,0,,0,false,false,,,
IMG_0243.AVI,Smilax\Rev8_20220222\Sasp004_05,vid_w_anim_MD_last_run, 2022-02-11 14:09:00,Ok,false,,,,0,,0,,0,false,false,,,
IMG_0262.AVI,Smilax\Rev8_20220222\Sasp004_05,vid_w_anim_MD_last_run, 2022-02-11 14:21:30,Ok,false,,,,0,,0,,0,false,false,,,
IMG_0264.AVI,Smilax\Rev8_20220222\Sasp004_05,vid_w_anim_MD_last_run, 2022-02-11 14:24:20,Ok,false,,,,0,,0,,0,false,false,,,
IMG_0282.AVI,Smilax\Rev8_20220222\Sasp004_05,vid_w_anim_MD_last_run, 2022-02-11 14:39:26,Ok,false,,,,0,,0,,0,false,false,,,
IMG_0286.AVI,Smilax\Rev8_20220222\Sasp004_05,vid_w_anim_MD_last_run, 2022-02-11 14:48:28,Ok,false,,,,0,,0,,0,false,false,,,
IMG_0287.AVI,Smilax\Rev8_20220222\Sasp004_05,vid_w_anim_MD_last_run, 2022-02-11 14:49:16,Ok,false,,,,0,,0,,0,false,false,,,
IMG_0328.AVI,Smilax\Rev8_20220222\Sasp004_05,vid_w_anim_MD_last_run, 2022-02-11 15:44:22,Ok,false,,,,0,,0,,0,false,false,,,
IMG_0334.AVI,Smilax\Rev8_20220222\Sasp004_05,vid_w_anim_MD_last_run, 2022-02-11 15:52:28,Ok,false,,,,0,,0,,0,false,false,,,
IMG_0336.AVI,Smilax\Rev8_20220222\Sasp004_05,vid_w_anim_MD_last_run, 2022-02-11 15:54:52,Ok,false,,,?,0,,0,,0,false,false,,,
IMG_0351.AVI,Smilax\Rev8_20220222\Sasp004_05,vid_w_anim_MD_last_run, 2022-02-11 16:12:44,Ok,false,,,,0,,0,,0,false,false,,,
IMG_0352.AVI,Smilax\Rev8_20220222\Sasp004_05,vid_w_anim_MD_last_run, 2022-02-11 16:14:10,Ok,false,,,,0,,0,,0,false,false,,,
IMG_0355.AVI,Smilax\Rev8_20220222\Sasp004_05,vid_w_anim_MD_last_run, 2022-02-11 16:15:40,Ok,false,,,,0,,0,,0,false,false,,,
IMG_0375.AVI,Smilax\Rev8_20220222\Sasp004_05,vid_w_anim_MD_last_run, 2022-02-12 15:19:30,Ok,false,,,,0,,0,,0,false,false,,,
IMG_0420.AVI,Smilax\Rev8_20220222\Sasp004_05,vid_w_anim_MD_last_run, 2022-02-13 12:35:28,Ok,false,,,,0,,0,,0,false,false,,,
IMG_0434.AVI,Smilax\Rev8_20220222\Sasp004_05,vid_w_anim_MD_last_run, 2022-02-13 12:56:06,Ok,false,,,,0,,0,,0,false,false,,,
IMG_0435.AVI,Smilax\Rev8_20220222\Sasp004_05,vid_w_anim_MD_last_run, 2022-02-13 12:58:06,Ok,false,,,,0,,0,,0,false,false,,,
IMG_0443.AVI,Smilax\Rev8_20220222\Sasp004_05,vid_w_anim_MD_last_run, 2022-02-13 13:05:24,Ok,false,,,,0,,0,,0,false,false,,,
IMG_0444.AVI,Smilax\Rev8_20220222\Sasp004_05,vid_w_anim_MD_last_run, 2022-02-13 13:05:36,Ok,false,,,,0,,0,,0,false,false,,,
IMG_0449.AVI,Smilax\Rev8_20220222\Sasp004_05,vid_w_anim_MD_last_run, 2022-02-13 13:08:02,Ok,false,,,,0,,0,,0,false,false,,,
IMG_0450.AVI,Smilax\Rev8_20220222\Sasp004_05,vid_w_anim_MD_last_run, 2022-02-13 13:09:18,Ok,false,,,,0,,0,,0,false,false,,,
IMG_0451.AVI,Smilax\Rev8_20220222\Sasp004_05,vid_w_anim_MD_last_run, 2022-02-13 13:09:48,Ok,false,,,,0,,0,,0,false,false,,,
IMG_0452.AVI,Smilax\Rev8_20220222\Sasp004_05,vid_w_anim_MD_last_run, 2022-02-13 13:10:04,Ok,false,,,,0,,0,,0,false,false,,,
IMG_0453.AVI,Smilax\Rev8_20220222\Sasp004_05,vid_w_anim_MD_last_run, 2022-02-13 13:11:26,Ok,false,,,,0,,0,,0,false,false,,,
IMG_0454.AVI,Smilax\Rev8_20220222\Sasp004_05,vid_w_anim_MD_last_run, 2022-02-13 13:12:10,Ok,false,,,,0,,0,,0,false,false,,,
IMG_0455.AVI,Smilax\Rev8_20220222\Sasp004_05,vid_w_anim_MD_last_run, 2022-02-13 13:12:44,Ok,false,,,,0,,0,,0,false,false,,,
IMG_0458.AVI,Smilax\Rev8_20220222\Sasp004_05,vid_w_anim_MD_last_run, 2022-02-13 13:14:44,Ok,false,,,,0,,0,,0,false,false,,,
IMG_0487.AVI,Smilax\Rev8_20220222\Sasp004_05,vid_w_anim_MD_last_run, 2022-02-13 13:36:58,Ok,false,,,,0,,0,,0,false,false,,,
IMG_0488.AVI,Smilax\Rev8_20220222\Sasp004_05,vid_w_anim_MD_last_run, 2022-02-13 13:37:20,Ok,false,,,,0,,0,,0,false,false,,,
IMG_0001.AVI,Smilax\Rev8_20220222\Sasp005_07,vid_w_anim_MD_last_run, 2022-02-09 11:40:18,Ok,false,,,person,0,,0,,0,false,false,,,
IMG_0294.AVI,Smilax\Rev8_20220222\Sasp005_07,vid_w_anim_MD_last_run, 2022-02-14 12:26:22,Ok,false,,,,0,,0,,0,false,false,,,
IMG_0001.AVI,Smilax\Rev8_20220222\Sasp006_10,vid_w_anim_MD_last_run, 2022-02-09 08:51:58,Ok,false,,,person,0,,0,,0,false,false,,,
IMG_0019.AVI,Smilax\Rev8_20220222\Sasp006_10,vid_w_anim_MD_last_run, 2022-02-14 09:50:54,Ok,false,,,,0,,0,,0,false,false,,,
IMG_0274.AVI,Smilax\Rev8_20220222\Sasp006_10,vid_w_anim_MD_last_run, 2022-02-14 16:06:58,Ok,false,,,,0,,0,,0,false,false,,,
IMG_0465.AVI,Smilax\Rev8_20220222\Sasp006_10,vid_w_anim_MD_last_run, 2022-02-22 07:59:26,Ok,false,,,person,0,,0,,0,false,false,,,
IMG_0466.AVI,Smilax\Rev8_20220222\Sasp006_10,vid_w_anim_MD_last_run, 2022-02-22 08:00:00,Ok,false,,,person,0,,0,,0,false,false,,,
IMG_0007.AVI,Smilax\Rev9_20220317\Sasp001_02,vid_w_anim_MD_last_run, 2022-02-23 11:01:08,Ok,false,,,turdus merula,0,,0,,0,false,false,,,
IMG_0010.AVI,Smilax\Rev9_20220317\Sasp001_02,vid_w_anim_MD_last_run, 2022-02-26 13:32:36,Ok,false,probably eating,,turdus merula,0,,0,,0,false,true,,,
IMG_0012.AVI,Smilax\Rev9_20220317\Sasp001_02,vid_w_anim_MD_last_run, 2022-03-01 08:24:10,Ok,false,eating,,cyanopica cooki,2,,0,,0,false,false,,,
IMG_0013.AVI,Smilax\Rev9_20220317\Sasp001_02,vid_w_anim_MD_last_run, 2022-03-01 08:24:28,Ok,false,eating,,cyanopica cooki,2,,0,,0,false,false,,,
IMG_0014.AVI,Smilax\Rev9_20220317\Sasp001_02,vid_w_anim_MD_last_run, 2022-03-01 08:25:06,Ok,false,probably eating,,cyanopica cooki,4,,0,,0,false,false,,,
IMG_0015.AVI,Smilax\Rev9_20220317\Sasp001_02,vid_w_anim_MD_last_run, 2022-03-01 08:26:24,Ok,false,eating,,cyanopica cooki,2,,0,,0,false,false,,,
IMG_0020.AVI,Smilax\Rev9_20220317\Sasp001_02,vid_w_anim_MD_last_run, 2022-03-02 11:48:40,Ok,false,probably eating,,cyanopica cooki,0,,0,,0,false,false,,,
IMG_0023.AVI,Smilax\Rev9_20220317\Sasp001_02,vid_w_anim_MD_last_run, 2022-03-03 08:33:44,Ok,false,eating,,cyanopica cooki,2,,0,,0,false,true,,,
IMG_0001.AVI,Smilax\Rev9_20220317\Sasp002_03,vid_w_anim_MD_last_run, 2022-02-22 07:46:10,Ok,false,,,person,0,,0,,0,false,false,,,
IMG_0336.AVI,Smilax\Rev9_20220317\Sasp003_04,vid_w_anim_MD_last_run, 2022-03-04 08:12:48,Ok,false,,,,0,,0,,0,false,false,,,
IMG_0469.AVI,Smilax\Rev9_20220317\Sasp003_04,vid_w_anim_MD_last_run, 2022-03-06 14:35:14,Ok,false,,,,0,,0,,0,false,false,,,
IMG_0347.AVI,Smilax\Rev9_20220317\Sasp004_05,vid_w_anim_MD_last_run, 2022-02-22 12:08:10,Ok,false,,,,0,,0,,0,false,false,,,
IMG_0438.AVI,Smilax\Rev9_20220317\Sasp006_10,vid_w_anim_MD_last_run, 2022-02-24 12:29:28,Ok,false,,,erithacus rubecula,0,,0,,0,false,false,,,
IMG_0445.AVI,Smilax\Rev9_20220317\Sasp006_10,vid_w_anim_MD_last_run, 2022-02-24 18:36:00,Ok,false,eating,,cyanopica cooki,0,,0,,0,false,true,,,
IMG_0452.AVI,Smilax\Rev9_20220317\Sasp006_10,vid_w_anim_MD_last_run, 2022-02-27 12:12:24,Ok,false,,,lanius senator,0,,0,,0,false,false,,,
