"";"interval";"Sp1";"File";"Plant";"Plant_ID";"Revision_ID";"Species";"Behaviour";"Count";"Coexistence";"Deployment_ID";"n_cam";"Videos";"Days";"Days.in.field";"n";"duration";"Long";"Lat";"ID";"DateTime"
"1";2018-01-01 09:00:00;"sylvia atricapilla";"IMG_0029.MP4";"aspa";"aspa011";"Rev17";"sylvia atricapilla";"probably eating";1;FALSE;"Aspa011_28";1;571;8,02087963;15;1;10;-6,474300027;36,98955998;"aspa011_Rev17_IMG_0029.MP4";2022-10-06 17:39:00
"2";2018-01-07 08:35:00;"turdus merula";"IMG_0009.MP4";"calb";"calb10";"rev2";"turdus merula";"eating";1;FALSE;"NA";NA;NA;NA;NA;1;10;-6,445859978;36,96900998;"a10_rev2_IMG_0009.MP4";2021-09-09 23:52:00
"3";2020-01-02 04:20:00;"sylvia melanocephala";"IMG_0066.AVI";"rulm";"rulm015";"Rev10";"sylvia melanocephala";"searching for food";1;FALSE;"Rulm015_15";1;122;6,003310185;6;1;10,249836;-6,44269;36,99223;"rulm015_Rev10_IMG_0066.AVI";2022-08-19 14:56:00
"4";2020-01-03 21:05:00;"sylvia melanocephala";"IMG_0017.AVI";"rulm";"rulm048";"Rev11";"sylvia melanocephala";"eating";1;FALSE;"Rulm048_25";1;22;6,959560185;7;1;16,333072;-6,482107015;36,982675;"rulm048_Rev11_IMG_0017.AVI";2022-08-27 09:45:00
"5";2020-01-04 20:50:00;"sylvia melanocephala";"IMG_0018.AVI";"rulm";"rulm048";"Rev11";"sylvia melanocephala";"searching for food";1;FALSE;"Rulm048_25";1;22;6,959560185;7;1;10,166504;-6,482107015;36,982675;"rulm048_Rev11_IMG_0018.AVI";2022-08-28 09:29:00
"6";2020-01-05 23:05:00;"iduna pallida";"IMG_0025.AVI";"rulm";"rulm002";"Rev08";"iduna pallida";"probably eating";1;FALSE;"Rulm002_02";1;140;8,367384259;9;1;10,499895;-6,4526;36,95985;"rulm002_Rev08_IMG_0025.AVI";2022-08-08 14:14:00
"7";2020-01-19 22:55:00;"sylvia cantillans";"IMG_0031.AVI";"rulm";"rulm005";"rev2";"sylvia cantillans";"searching for food";1;FALSE;"NA";NA;NA;NA;NA;1;10,433229;-6,452029980719;36,960089961067;"rulm005_rev2_IMG_0031.AVI";2022-10-03 19:14:00
"8";2020-01-21 23:35:00;"cervus elaphus";"IMG_0037.AVI";"Joxy";"joxy001";"rev1";"cervus elaphus";"probably eating";1;FALSE;"NA";NA;NA;NA;NA;1;10,249836;-6,403807969764;36,829226994887;"joxy001_rev1_IMG_0037.AVI";2021-01-21 11:36:00
"9";2020-01-22 17:50:00;"rattus";"IMG_0184.AVI";"rulm";"rulm005";"rev2";"rattus";"probably eating";1;FALSE;"NA";NA;NA;NA;NA;1;10,433229;-6,452029980719;36,960089961067;"rulm005_rev2_IMG_0184.AVI";2021-09-29 21:47:00
"10";2020-02-16 03:25:00;"sylvia communis";"IMG_0031.AVI";"rulm";"rulm005";"rev4";"sylvia communis";"searching for food";1;FALSE;"NA";NA;NA;NA;NA;1;10,633227;-6,452029980719;36,960089961067;"rulm005_rev4_IMG_0031.AVI";2021-10-03 10:20:00
"11";2021-07-22 10:30:00;"alectoris rufa";"07220162.AVI";"calb";"calb03";"rev1";"alectoris rufa";"probably eating";1;FALSE;"NA";NA;NA;NA;NA;1;10,466667;-6,44589996;36,97007004;"a03_rev1_07220162.AVI";2021-07-22 10:30:36
"12";2021-07-22 13:40:00;"saxicola rubicola";"IMG_0043.MP4";"calb";"calb07";"rev1";"saxicola rubicola";"eating";1;FALSE;"NA";NA;NA;NA;NA;1;10,25;-6,445320016;36,96933998;"a07_rev1_IMG_0043.MP4";2021-07-22 13:42:10
"13";2021-08-19 13:35:00;"saxicola rubicola";"IMG_0047.MP4";"calb";"calb07";"rev2";"saxicola rubicola";"searching for food";1;FALSE;"NA";NA;NA;NA;NA;1;10;-6,445320016;36,96933998;"a07_rev2_IMG_0047.MP4";2021-08-19 13:36:22
"14";2021-08-21 08:10:00;"sylvia cantillans";"IMG_0010.AVI";"rulm";"rulm013";"rev1";"sylvia cantillans";"eating";1;FALSE;"NA";NA;NA;NA;NA;1;34,632987;-6,44231996499;36,990579972044;"rulm013_rev1_IMG_0010.AVI";2021-08-21 08:09:12
"15";2021-08-24 11:15:00;"sylvia communis";"IMG_0176.AVI";"rulm";"rulm004";"rev1";"sylvia communis";"searching for food";2;FALSE;"NA";NA;NA;NA;NA;2;10,533228;-6,452400041744;36,960070012137;"rulm004_rev1_IMG_0176.AVI";2021-08-24 11:13:20
"16";2021-08-30 16:10:00;"sylvia cantillans";"IMG_0509.AVI";"rulm";"rulm018";"rev1";"sylvia cantillans";"searching for food";1;FALSE;"NA";NA;NA;NA;NA;1;16,966497;-6,484210034832;36,981359962374;"rulm018_rev1_IMG_0509.AVI";2021-08-30 16:09:34
"17";2021-08-30 16:10:00;"sylvia melanocephala";"IMG_0510.AVI";"rulm";"rulm018";"rev1";"sylvia melanocephala";"eating";1;FALSE;"NA";NA;NA;NA;NA;1;16,966497;-6,484210034832;36,981359962374;"rulm018_rev1_IMG_0510.AVI";2021-08-30 16:10:12
"18";2021-09-03 11:30:00;"sylvia melanocephala";"IMG_0001.AVI";"rulm";"rulm010";"rev2";"sylvia melanocephala";"probably eating";2;FALSE;"NA";NA;NA;NA;NA;2;10,433229;-6,440469995141;36,987719982863;"rulm010_rev2_IMG_0001.AVI";2021-09-03 11:28:58
"19";2021-09-03 12:20:00;"sylvia conspicillata";"IMG_0002.AVI, IMG_0003.AVI";"rulm";"rulm011";"rev2";"sylvia conspicillata, sylvia conspicillata";"eating, eating";1;FALSE;"NA, NA";NA;NA;NA;NA;2;37,866288;-6,442089965567;36,988980034366;"rulm011_rev2_IMG_0002.AVI, IMG_0003.AVI";2021-09-03 12:20:38
"20";2021-09-03 12:30:00;"sylvia conspicillata";"IMG_0004.AVI";"rulm";"rulm011";"rev2";"sylvia conspicillata";"eating";1;FALSE;"NA";NA;NA;NA;NA;1;27,233061;-6,442089965567;36,988980034366;"rulm011_rev2_IMG_0004.AVI";2021-09-03 12:28:14
"21";2021-09-03 17:55:00;"hippolais polyglota";"IMG_0346.AVI";"rulm";"rulm007";"rev2";"hippolais polyglota";"searching for food";1;FALSE;"NA";NA;NA;NA;NA;1;10,499895;-6,453200010583;36,959879994392;"rulm007_rev2_IMG_0346.AVI";2021-09-03 17:56:46
"22";2021-09-04 07:45:00;"sylvia melanocephala";"IMG_0034.AVI";"rulm";"rulm018";"rev2";"sylvia melanocephala";"probably eating";1;FALSE;"NA";NA;NA;NA;NA;1;16,133172;-6,484210034832;36,981359962374;"rulm018_rev2_IMG_0034.AVI";2021-09-04 07:43:36
"23";2021-09-05 12:35:00;"hippolais polyglota";"IMG_0201.AVI";"rulm";"rulm018";"rev2";"hippolais polyglota";"searching for food";1;FALSE;"NA";NA;NA;NA;NA;1;18,899811;-6,484210034832;36,981359962374;"rulm018_rev2_IMG_0201.AVI";2021-09-05 12:35:30
"24";2021-09-06 08:55:00;"turdus merula";"IMG_0151.AVI";"rulm";"rulm002";"rev2";"turdus merula";"probably eating";1;FALSE;"NA";NA;NA;NA;NA;1;10,499895;-6,452600033954;36,959849987179;"rulm002_rev2_IMG_0151.AVI";2021-09-06 08:52:52
"25";2021-09-09 13:00:00;"saxicola rubicola";"IMG_0223.AVI";"rulm";"rulm002";"rev2";"saxicola rubicola";"probably eating";1;FALSE;"NA";NA;NA;NA;NA;1;10,499895;-6,452600033954;36,959849987179;"rulm002_rev2_IMG_0223.AVI";2021-09-09 13:02:16
"26";2021-09-10 12:55:00;"saxicola rubicola";"IMG_0267.AVI";"rulm";"rulm002";"rev2";"saxicola rubicola";"probably eating";1;FALSE;"NA";NA;NA;NA;NA;1;16,733166;-6,452600033954;36,959849987179;"rulm002_rev2_IMG_0267.AVI";2021-09-10 12:56:56
"27";2021-09-14 10:05:00;"sylvia conspicillata";"IMG_0550.AVI";"rulm";"rulm017";"rev2";"sylvia conspicillata";"searching for food";1;FALSE;"NA";NA;NA;NA;NA;1;10,633227;-6,442639986053;36,993060009554;"rulm017_rev2_IMG_0550.AVI";2021-09-14 10:04:08
"28";2021-09-15 13:05:00;"sylvia communis";"IMG_0010.AVI";"rulm";"rulm017";"rev3";"sylvia communis";"probably eating";1;TRUE;"NA";NA;NA;NA;NA;1;10,533228;-6,442639986053;36,993060009554;"rulm017_rev3_IMG_0010.AVI";2021-09-15 13:07:14
"29";2021-09-15 13:30:00;"sylvia communis";"IMG_0012.AVI";"rulm";"rulm017";"rev3";"sylvia communis";"probably eating";1;TRUE;"NA";NA;NA;NA;NA;1;28,399716;-6,442639986053;36,993060009554;"rulm017_rev3_IMG_0012.AVI";2021-09-15 13:31:32
"30";2021-09-15 13:40:00;"sylvia communis";"IMG_0013.AVI";"rulm";"rulm017";"rev3";"sylvia communis";"searching for food";1;FALSE;"NA";NA;NA;NA;NA;1;16,799832;-6,442639986053;36,993060009554;"rulm017_rev3_IMG_0013.AVI";2021-09-15 13:40:26
"31";2021-09-16 13:10:00;"saxicola rubetra";"IMG_0029.AVI";"rulm";"rulm003";"rev3";"saxicola rubetra";"probably eating";1;FALSE;"NA";NA;NA;NA;NA;1;10,499895;-6,452619982883;36,959930034354;"rulm003_rev3_IMG_0029.AVI";2021-09-16 13:12:14
"32";2021-09-16 13:20:00;"sylvia communis";"IMG_0030.AVI";"rulm";"rulm017";"rev3";"sylvia communis";"eating";1;FALSE;"NA";NA;NA;NA;NA;1;20,99979;-6,442639986053;36,993060009554;"rulm017_rev3_IMG_0030.AVI";2021-09-16 13:21:12
"33";2021-09-16 13:45:00;"sylvia communis";"IMG_0026.AVI";"rulm";"rulm018";"rev3";"sylvia communis";"probably eating";1;FALSE;"NA";NA;NA;NA;NA;1;10,499895;-6,484210034832;36,981359962374;"rulm018_rev3_IMG_0026.AVI";2021-09-16 13:47:22
"34";2021-09-16 13:55:00;"sylvia undatac";"IMG_0027.AVI";"rulm";"rulm018";"rev3";"sylvia undatac";"searching for food";1;FALSE;"NA";NA;NA;NA;NA;1;18,933144;-6,484210034832;36,981359962374;"rulm018_rev3_IMG_0027.AVI";2021-09-16 13:56:52
"35";2021-09-16 15:45:00;"sylvia communis";"IMG_0040.AVI";"rulm";"rulm017";"rev3";"sylvia communis";"probably eating";1;FALSE;"NA";NA;NA;NA;NA;1;18,899811;-6,442639986053;36,993060009554;"rulm017_rev3_IMG_0040.AVI";2021-09-16 15:42:48
"36";2021-09-16 16:00:00;"sylvia communis";"IMG_0020.AVI, IMG_0021.AVI, IMG_0023.AVI";"rulm";"rulm014";"rev3";"sylvia communis, sylvia communis, sylvia communis";"eating, eating, eating";1;FALSE;"NA, NA, NA";NA;NA;NA;NA;3;52,499475;-6,442530015484;36,990809971467;"rulm014_rev3_IMG_0020.AVI, IMG_0021.AVI, IMG_0023.AVI";2021-09-16 15:58:50
"37";2021-09-16 16:05:00;"sylvia communis";"IMG_0030.AVI";"rulm";"rulm018";"rev3";"sylvia communis";"searching for food";1;FALSE;"NA";NA;NA;NA;NA;1;10,499895;-6,484210034832;36,981359962374;"rulm018_rev3_IMG_0030.AVI";2021-09-16 16:06:46
"38";2021-09-16 23:45:00;"apode-mus";"IMG_0036.AVI";"rulm";"rulm018";"rev3";"apode-mus";"eating";1;FALSE;"NA";NA;NA;NA;NA;1;16,766499;-6,484210034832;36,981359962374;"rulm018_rev3_IMG_0036.AVI";2021-09-16 23:46:56
"39";2021-09-17 01:00:00;"apode-mus";"IMG_0044.AVI, IMG_0045.AVI, IMG_0046.AVI";"rulm";"rulm018";"rev3";"apode-mus, apode-mus, apode-mus";"probably eating, eating, eating";1;FALSE;"NA, NA, NA";NA;NA;NA;NA;3;59,899401;-6,484210034832;36,981359962374;"rulm018_rev3_IMG_0044.AVI, IMG_0045.AVI, IMG_0046.AVI";2021-09-17 01:00:22
"40";2021-09-17 03:05:00;"apode-mus";"IMG_0054.AVI";"rulm";"rulm018";"rev3";"apode-mus";"probably eating";1;FALSE;"NA";NA;NA;NA;NA;1;21,033123;-6,484210034832;36,981359962374;"rulm018_rev3_IMG_0054.AVI";2021-09-17 03:03:20
"41";2021-09-18 09:25:00;"saxicola rubetra";"IMG_0190.AVI";"rulm";"rulm003";"rev3";"saxicola rubetra";"probably eating";1;FALSE;"NA";NA;NA;NA;NA;1;10,466562;-6,452619982883;36,959930034354;"rulm003_rev3_IMG_0190.AVI";2021-09-18 09:26:14
"42";2021-09-18 15:15:00;"sylvia communis";"IMG_0013.AVI";"rulm";"rulm001";"rev3";"sylvia communis";"eating";1;FALSE;"NA";NA;NA;NA;NA;1;10,499895;-6,452510012314;36,960070012137;"rulm001_rev3_IMG_0013.AVI";2021-09-18 15:17:12
"43";2021-09-19 10:25:00;"sylvia communis";"IMG_0015.AVI, IMG_0016.AVI";"rulm";"rulm001";"rev3";"sylvia communis, sylvia communis";"eating, eating";1;FALSE;"NA, NA";NA;NA;NA;NA;2;21,066456;-6,452510012314;36,960070012137;"rulm001_rev3_IMG_0015.AVI, IMG_0016.AVI";2021-09-19 10:25:14
"44";2021-09-19 10:40:00;"sylvia communis";"IMG_0095.AVI";"rulm";"rulm017";"rev3";"sylvia communis";"eating";1;FALSE;"NA";NA;NA;NA;NA;1;10,533228;-6,442639986053;36,993060009554;"rulm017_rev3_IMG_0095.AVI";2021-09-19 10:38:28
"45";2021-09-19 11:10:00;"sylvia melanocephala";"IMG_0097.AVI";"rulm";"rulm017";"rev3";"sylvia melanocephala";"searching for food";1;FALSE;"NA";NA;NA;NA;NA;1;10,533228;-6,442639986053;36,993060009554;"rulm017_rev3_IMG_0097.AVI";2021-09-19 11:12:26
"46";2021-09-19 15:25:00;"sylvia melanocephala";"IMG_0109.AVI";"rulm";"rulm017";"rev3";"sylvia melanocephala";"searching for food";1;FALSE;"NA";NA;NA;NA;NA;1;10,533228;-6,442639986053;36,993060009554;"rulm017_rev3_IMG_0109.AVI";2021-09-19 15:23:02
"47";2021-09-20 21:30:00;"genetta genetta";"IMG_0424.AVI";"rulm";"rulm003";"rev3";"genetta genetta";"probably eating";1;FALSE;"NA";NA;NA;NA;NA;1;20,699793;-6,452619982883;36,959930034354;"rulm003_rev3_IMG_0424.AVI";2021-09-20 21:29:02
"48";2021-09-22 11:40:00;"sylvia communis";"IMG_0163.AVI";"rulm";"rulm017";"rev3";"sylvia communis";"searching for food";1;FALSE;"NA";NA;NA;NA;NA;1;10,533228;-6,442639986053;36,993060009554;"rulm017_rev3_IMG_0163.AVI";2021-09-22 11:38:58
"49";2021-09-24 13:00:00;"sylvia communis";"IMG_0168.AVI, IMG_0169.AVI, IMG_0170.AVI, IMG_0171.AVI";"rulm";"rulm014";"rev3";"sylvia communis, sylvia communis, sylvia communis, sylvia communis";"eating, eating, eating, eating";1;FALSE;"NA, NA, NA, NA";NA;NA;NA;NA;4;57,832755;-6,442530015484;36,990809971467;"rulm014_rev3_IMG_0168.AVI, IMG_0169.AVI, IMG_0170.AVI, IMG_0171.AVI";2021-09-24 12:57:32
"50";2021-09-24 13:15:00;"sylvia communis";"IMG_0173.AVI, IMG_0174.AVI";"rulm";"rulm014";"rev3";"sylvia communis, sylvia communis";"eating, eating";1;FALSE;"NA, NA";NA;NA;NA;NA;2;39,932934;-6,442530015484;36,990809971467;"rulm014_rev3_IMG_0173.AVI, IMG_0174.AVI";2021-09-24 13:15:00
"51";2021-09-25 14:25:00;"sylvia communis";"IMG_0341.AVI";"rulm";"rulm018";"rev3";"sylvia communis";"searching for food";1;FALSE;"NA";NA;NA;NA;NA;1;17,899821;-6,484210034832;36,981359962374;"rulm018_rev3_IMG_0341.AVI";2021-09-25 14:23:00
"52";2021-09-25 17:15:00;"sylvia communis";"IMG_0358.AVI";"rulm";"rulm018";"rev3";"sylvia communis";"probably eating";1;FALSE;"NA";NA;NA;NA;NA;1;10,566561;-6,484210034832;36,981359962374;"rulm018_rev3_IMG_0358.AVI";2021-09-25 17:16:08
"53";2021-09-26 11:45:00;"sylvia melanocephala";"IMG_0163.AVI";"rulm";"rulm012";"rev3";"sylvia melanocephala";"probably eating";3;FALSE;"NA";NA;NA;NA;NA;3;10,499895;-6,44174002111;36,989489989355;"rulm012_rev3_IMG_0163.AVI";2021-09-26 11:44:38
"54";2021-09-26 13:35:00;"sylvia melanocephala";"IMG_0389.AVI";"rulm";"rulm018";"rev3";"sylvia melanocephala";"eating";1;FALSE;"NA";NA;NA;NA;NA;1;31,566351;-6,484210034832;36,981359962374;"rulm018_rev3_IMG_0389.AVI";2021-09-26 13:33:36
"55";2021-09-26 16:40:00;"sylvia cantillans";"IMG_0393.AVI";"rulm";"rulm018";"rev3";"sylvia cantillans";"searching for food";1;FALSE;"NA";NA;NA;NA;NA;1;10,566561;-6,484210034832;36,981359962374;"rulm018_rev3_IMG_0393.AVI";2021-09-26 16:40:22
"56";2021-09-27 09:20:00;"sylvia communis";"IMG_0411.AVI, IMG_0412.AVI";"rulm";"rulm018";"rev3";"sylvia communis, sylvia communis";"eating, eating";1;FALSE;"NA, NA";NA;NA;NA;NA;2;20,933124;-6,484210034832;36,981359962374;"rulm018_rev3_IMG_0411.AVI, IMG_0412.AVI";2021-09-27 09:21:24
"57";2021-09-27 16:35:00;"sylvia undata";"IMG_0441.AVI";"rulm";"rulm018";"rev3";"sylvia undata";"eating";1;FALSE;"NA";NA;NA;NA;NA;1;16,933164;-6,484210034832;36,981359962374;"rulm018_rev3_IMG_0441.AVI";2021-09-27 16:36:54
"58";2021-10-09 17:15:00;"sylvia melanocephala";"IMG_0032.AVI";"rulm";"rulm015";"rev4";"sylvia melanocephala";"eating";1;FALSE;"NA";NA;NA;NA;NA;1;19,966467;-6,442690026015;36,992230033502;"rulm015_rev4_IMG_0032.AVI";2021-10-09 17:13:14
"59";2021-10-09 17:20:00;"passer domesticus";"IMG_0037.AVI, IMG_0034.AVI, IMG_0035.AVI, IMG_0036.AVI";"rulm";"rulm015";"rev4";"passer domesticus, passer domesticus, passer domesticus, passer domesticus";"eating, probably eating, probably eating, probably eating";3;FALSE;"NA, NA, NA, NA";NA;NA;NA;NA;6;75,565911;-6,442690026015;36,992230033502;"rulm015_rev4_IMG_0037.AVI, IMG_0034.AVI, IMG_0035.AVI, IMG_0036.AVI";2021-10-09 17:22:24
"60";2021-10-09 17:20:00;"sylvia melanocephala";"IMG_0034.AVI, IMG_0035.AVI, IMG_0036.AVI";"rulm";"rulm015";"rev4";"sylvia melanocephala, sylvia melanocephala, sylvia melanocephala";"eating, eating, eating";1;TRUE;"NA, NA, NA";NA;NA;NA;NA;3;47,232861;-6,442690026015;36,992230033502;"rulm015_rev4_IMG_0034.AVI, IMG_0035.AVI, IMG_0036.AVI";2021-10-09 17:20:44
"61";2021-10-09 19:30:00;"sylvia melanocephala";"IMG_0046.AVI";"rulm";"rulm015";"rev4";"sylvia melanocephala";"probably eating";2;FALSE;"NA";NA;NA;NA;NA;2;10,533228;-6,442690026015;36,992230033502;"rulm015_rev4_IMG_0046.AVI";2021-10-09 19:29:16
"62";2021-10-10 17:15:00;"petronia petronia";"IMG_0057.AVI";"rulm";"rulm015";"rev4";"petronia petronia";"eating";1;FALSE;"NA";NA;NA;NA;NA;1;17,866488;-6,442690026015;36,992230033502;"rulm015_rev4_IMG_0057.AVI";2021-10-10 17:16:12
"63";2021-10-12 15:10:00;"petronia petronia";"IMG_0067.AVI";"rulm";"rulm015";"rev4";"petronia petronia";"probably eating";3;FALSE;"NA";NA;NA;NA;NA;3;10,433229;-6,442690026015;36,992230033502;"rulm015_rev4_IMG_0067.AVI";2021-10-12 15:08:36
"64";2021-11-19 10:50:00;"turdus iliacus";"IMG_0448.AVI, IMG_0448.AVI, IMG_0448.AVI";"oeur";"oeur001";"rev2";"turdus iliacus, turdus iliacus, turdus iliacus";"eating, eating, eating";1;FALSE;"NA, NA, NA";NA;NA;NA;NA;3;31,299687;-6,444530021399;37,023290013894;"oeur001_rev2_IMG_0448.AVI, IMG_0448.AVI, IMG_0448.AVI";2021-11-19 10:49:16
"65";2021-11-19 12:15:00;"turdus philomelos";"IMG_0459.AVI, IMG_0459.AVI, IMG_0459.AVI";"oeur";"oeur001";"rev2";"turdus philomelos, turdus philomelos, turdus philomelos";"eating, eating, eating";1;FALSE;"NA, NA, NA";NA;NA;NA;NA;3;78,799212;-6,444530021399;37,023290013894;"oeur001_rev2_IMG_0459.AVI, IMG_0459.AVI, IMG_0459.AVI";2021-11-19 12:14:46
"66";2021-12-01 09:20:00;"sylvia undata";"IMG_0004.MP4";"aspa";"aspa003";"rev2";"sylvia undata";"eating";1;FALSE;"NA";NA;NA;NA;NA;1;10;-6,474300026894;36,989559978247;"aspa003_rev2_IMG_0004.MP4";2021-12-01 09:20:22
"67";2021-12-01 12:15:00;"sylvia melanocephala";"IMG_0007.MP4";"aspa";"aspa003";"rev2";"sylvia melanocephala";"probably eating";1;FALSE;"NA";NA;NA;NA;NA;1;10;-6,474300026894;36,989559978247;"aspa003_rev2_IMG_0007.MP4";2021-12-01 12:14:52
"68";2021-12-10 15:50:00;"sylvia undata";"IMG_0175.MP4";"aspa";"aspa005";"rev2";"sylvia undata";"eating";1;FALSE;"NA";NA;NA;NA;NA;1;10;-6,48406997323;36,981200035662;"aspa005_rev2_IMG_0175.MP4";2021-12-10 15:48:16
"69";2021-12-11 09:50:00;"turdus merula";"IMG_0021.AVI, IMG_0021.AVI";"aune";"aune003";"rev6";"turdus merula, turdus merula";"searching for food, searching for food";1;FALSE;"NA, NA";NA;NA;NA;NA;2;35,732976;-6,479390021414;37,024410003796;"aune003_rev6_IMG_0021.AVI, IMG_0021.AVI";2021-12-11 09:50:24
"70";2021-12-13 16:00:00;"sylvia undata";"IMG_0196.MP4";"aspa";"aspa005";"rev2";"sylvia undata";"probably eating";1;FALSE;"NA";NA;NA;NA;NA;1;10;-6,48406997323;36,981200035662;"aspa005_rev2_IMG_0196.MP4";2021-12-13 15:59:02
"71";2021-12-15 12:45:00;"turdus merula";"IMG_0046.AVI, IMG_0046.AVI";"aune";"aune003";"rev6";"turdus merula, turdus merula";"eating, eating";2;FALSE;"NA, NA";NA;NA;NA;NA;4;20,99979;-6,479390021414;37,024410003796;"aune003_rev6_IMG_0046.AVI, IMG_0046.AVI";2021-12-15 12:47:16
"72";2021-12-18 12:20:00;"turdus pilaris";"IMG_0152.AVI, IMG_0152.AVI";"aune";"aune003";"rev6";"turdus pilaris, turdus pilaris";"searching for food, searching for food";1;FALSE;"NA, NA";NA;NA;NA;NA;2;50,33283;-6,479390021414;37,024410003796;"aune003_rev6_IMG_0152.AVI, IMG_0152.AVI";2021-12-18 12:18:00
"73";2021-12-19 00:00:00;"sylvia melanocephala";"IMG_0031.MP4";"aspa";"aspa001";"rev3";"sylvia melanocephala";"eating";1;FALSE;"NA";NA;NA;NA;NA;1;10;-6,473980005831;36,989599959925;"aspa001_rev3_IMG_0031.MP4";2021-12-19 00:01:48
"74";2021-12-19 12:30:00;"turdus merula";"IMG_0151.AVI";"mcom";"mcom008";"rev7";"turdus merula";"eating";1;FALSE;"NA";NA;NA;NA;NA;1;28,366383;-6,482090000063;36,982829980552;"mcom008_rev7_IMG_0151.AVI";2021-12-19 12:31:22
"75";2021-12-21 00:35:00;"sylvia melanocephala";"IMG_0195.MP4, IMG_0196.MP4, IMG_0197.MP4";"aspa";"aspa002";"rev3";"sylvia melanocephala, sylvia melanocephala, sylvia melanocephala";"eating, eating, eating";1;FALSE;"NA, NA, NA";NA;NA;NA;NA;3;30;-6,473980005831;36,989610018209;"aspa002_rev3_IMG_0195.MP4, IMG_0196.MP4, IMG_0197.MP4";2021-12-21 00:35:38
"76";2021-12-21 17:30:00;"turdus pilaris";"IMG_0174.AVI, IMG_0174.AVI";"aune";"aune003";"rev6";"turdus pilaris, turdus pilaris";"eating, eating";1;FALSE;"NA, NA";NA;NA;NA;NA;2;20,933124;-6,479390021414;37,024410003796;"aune003_rev6_IMG_0174.AVI, IMG_0174.AVI";2021-12-21 17:29:34
"77";2021-12-23 00:30:00;"sylvia melanocephala";"IMG_0233.MP4";"aspa";"aspa002";"rev3";"sylvia melanocephala";"eating";1;FALSE;"NA";NA;NA;NA;NA;1;10;-6,473980005831;36,989610018209;"aspa002_rev3_IMG_0233.MP4";2021-12-23 00:30:02
"78";2021-12-24 22:20:00;"apode-mus";"IMG_0014.AVI";"sasp";"sasp005";"rev5";"apode-mus";"probably eating";1;FALSE;"NA";NA;NA;NA;NA;1;10,433229;-6,450730031356;36,991959968582;"sasp005_rev5_IMG_0014.AVI";2021-12-24 22:19:32
"79";2021-12-25 01:05:00;"sylvia melanocephala";"IMG_0255.MP4";"aspa";"aspa002";"rev3";"sylvia melanocephala";"searching for food";1;FALSE;"NA";NA;NA;NA;NA;1;10;-6,473980005831;36,989610018209;"aspa002_rev3_IMG_0255.MP4";2021-12-25 01:02:44
"80";2022-01-05 16:20:00;"saxicola rubicola";"IMG_0255.MP4";"aspa";"aspa005";"rev3";"saxicola rubicola";"eating";1;FALSE;"NA";NA;NA;NA;NA;1;17,25;-6,48406997323;36,981200035662;"aspa005_rev3_IMG_0255.MP4";2022-01-05 16:18:50
"81";2022-01-05 18:30:00;"turdus philomelos";"IMG_0475.AVI, IMG_0475.AVI";"aune";"aune003";"rev6";"turdus philomelos, turdus philomelos";"probably eating, probably eating";1;FALSE;"NA, NA";NA;NA;NA;NA;2;21,066456;-6,479390021414;37,024410003796;"aune003_rev6_IMG_0475.AVI, IMG_0475.AVI";2022-01-05 18:30:02
"82";2022-01-09 14:25:00;"sylvia melanocephala";"IMG_0292.MP4";"aspa";"aspa005";"rev3";"sylvia melanocephala";"probably eating";1;FALSE;"NA";NA;NA;NA;NA;1;10;-6,48406997323;36,981200035662;"aspa005_rev3_IMG_0292.MP4";2022-01-09 14:22:42
"83";2022-01-11 18:15:00;"turdus pilaris";"IMG_0561.AVI, IMG_0561.AVI";"aune";"aune003";"rev6";"turdus pilaris, turdus pilaris";"probably eating, probably eating";1;FALSE;"NA, NA";NA;NA;NA;NA;2;20,99979;-6,479390021414;37,024410003796;"aune003_rev6_IMG_0561.AVI, IMG_0561.AVI";2022-01-11 18:13:42
"84";2022-01-12 13:45:00;"turdus pilaris";"IMG_0003.AVI, IMG_0003.AVI";"aune";"aune003";"rev7";"turdus pilaris, turdus pilaris";"eating, eating";1;FALSE;"NA, NA";NA;NA;NA;NA;2;21,266454;-6,479390021414;37,024410003796;"aune003_rev7_IMG_0003.AVI, IMG_0003.AVI";2022-01-12 13:46:28
"85";2022-01-12 13:50:00;"turdus pilaris";"IMG_0005.AVI, IMG_0005.AVI";"aune";"aune003";"rev7";"turdus pilaris, turdus pilaris";"eating, eating";1;FALSE;"NA, NA";NA;NA;NA;NA;2;33,66633;-6,479390021414;37,024410003796;"aune003_rev7_IMG_0005.AVI, IMG_0005.AVI";2022-01-12 13:48:26
"86";2022-01-13 10:15:00;"turdus pilaris";"IMG_0027.AVI, IMG_0027.AVI";"aune";"aune003";"rev7";"turdus pilaris, turdus pilaris";"eating, eating";1;FALSE;"NA, NA";NA;NA;NA;NA;2;21,133122;-6,479390021414;37,024410003796;"aune003_rev7_IMG_0027.AVI, IMG_0027.AVI";2022-01-13 10:14:52
"87";2022-01-13 13:55:00;"turdus pilaris";"IMG_0032.AVI, IMG_0032.AVI";"aune";"aune003";"rev7";"turdus pilaris, turdus pilaris";"eating, eating";1;FALSE;"NA, NA";NA;NA;NA;NA;2;21,33312;-6,479390021414;37,024410003796;"aune003_rev7_IMG_0032.AVI, IMG_0032.AVI";2022-01-13 13:56:08
"88";2022-01-17 14:20:00;"erithacus rubecula";"IMG_0162.AVI, IMG_0162.AVI";"aune";"aune003";"rev7";"erithacus rubecula, erithacus rubecula";"probably eating, probably eating";1;FALSE;"NA, NA";NA;NA;NA;NA;2;21,33312;-6,479390021414;37,024410003796;"aune003_rev7_IMG_0162.AVI, IMG_0162.AVI";2022-01-17 14:21:10
"89";2022-01-21 18:35:00;"turdus philomelos";"IMG_0339.AVI";"oeur";"oeur002";"rev5";"turdus philomelos";"eating";1;FALSE;"NA";NA;NA;NA;NA;1;10,566561;-6,444439999759;37,023320021108;"oeur002_rev5_IMG_0339.AVI";2022-01-21 18:36:40
"90";2022-01-25 11:20:00;"sylvia melanocephala";"IMG_0063.AVI, IMG_0063.AVI";"oeur";"oeur005";"rev5";"sylvia melanocephala, sylvia melanocephala";"searching for food, searching for food";1;FALSE;"NA, NA";NA;NA;NA;NA;2;33,466332;-6,443957034498;37,02392402105;"oeur005_rev5_IMG_0063.AVI, IMG_0063.AVI";2022-01-25 11:22:10
"91";2022-04-02 13:05:00;"sylvia melanocephala";"04020019.AVI";"Joxy";"joxy010";"rev5";"sylvia melanocephala";"searching for food";1;FALSE;"NA";NA;NA;NA;NA;1;10,566667;-6,402543978766;36,828933041543;"joxy010_rev5_04020019.AVI";2022-04-02 13:06:24
"92";2022-07-19 20:10:00;"cyanistes caeruleus";"IMG_0136.AVI";"rulm";"rulm014";"Rev06";"cyanistes caeruleus";"probably eating";1;FALSE;"Rulm014_14";1;504;4,17162037;9;1;10,533228;-6,44253;36,99081;"rulm014_Rev06_IMG_0136.AVI";2022-07-19 20:07:54
"93";2022-07-21 14:00:00;"sylvia melanocephala";"IMG_0307.AVI";"rulm";"rulm014";"Rev06";"sylvia melanocephala";"eating";1;FALSE;"Rulm014_14";1;504;4,17162037;9;1;10,499895;-6,44253;36,99081;"rulm014_Rev06_IMG_0307.AVI";2022-07-21 13:59:44
"94";2022-07-22 11:05:00;"sylvia melanocephala";"IMG_0090.AVI";"rulm";"rulm011";"Rev06";"sylvia melanocephala";"eating";1;FALSE;"Rulm011_11";1;534;8,112546296;9;1;10,041506;-6,44209;36,98898;"rulm011_Rev06_IMG_0090.AVI";2022-07-22 11:03:20
"95";2022-07-22 14:05:00;"sylvia melanocephala";"IMG_0091.AVI";"rulm";"rulm011";"Rev06";"sylvia melanocephala";"eating";1;FALSE;"Rulm011_11";1;534;8,112546296;9;1;10,291502;-6,44209;36,98898;"rulm011_Rev06_IMG_0091.AVI";2022-07-22 14:06:08
"96";2022-07-28 18:55:00;"sylvia melanocephala";"IMG_0040.AVI";"rulm";"rulm001";"Rev06";"sylvia melanocephala";"searching for food";1;FALSE;"Rulm001_01";1;42;9,365462963;9;1;10,374834;-6,45251;36,96007;"rulm001_Rev06_IMG_0040.AVI";2022-07-28 18:52:38
"97";2022-07-29 18:20:00;"sylvia melanocephala";"IMG_0123.AVI";"rulm";"rulm046";"Rev07";"sylvia melanocephala";"eating";1;FALSE;"Rulm046_20";1;485;3,747083333;5;1;32,999472;-6,483859001;36,98106199;"rulm046_Rev07_IMG_0123.AVI";2022-07-29 18:17:36
"98";2022-07-30 11:45:00;"sylvia melanocephala";"IMG_0087.AVI";"rulm";"rulm014";"Rev07";"sylvia melanocephala";"eating";1;FALSE;"Rulm014_14";1;415;4,547824074;5;1;10,499895;-6,44253;36,99081;"rulm014_Rev07_IMG_0087.AVI";2022-07-30 11:42:46
"99";2022-07-30 12:25:00;"sylvia melanocephala";"IMG_0099.AVI";"rulm";"rulm014";"Rev07";"sylvia melanocephala";"eating";1;FALSE;"Rulm014_14";1;415;4,547824074;5;1;27,33306;-6,44253;36,99081;"rulm014_Rev07_IMG_0099.AVI";2022-07-30 12:26:54
"100";2022-07-30 16:45:00;"sylvia melanocephala";"IMG_0387.AVI";"rulm";"rulm026";"Rev07";"sylvia melanocephala";"searching for food";1;FALSE;"Rulm026_26";1;514;2,749097222;5;1;16,541402;-6,48226;36,98166;"rulm026_Rev07_IMG_0387.AVI";2022-07-30 16:44:52
"101";2022-07-30 18:25:00;"sylvia melanocephala";"IMG_0436.AVI";"rulm";"rulm026";"Rev07";"sylvia melanocephala";"probably eating";1;FALSE;"Rulm026_26";1;514;2,749097222;5;1;16,208074;-6,48226;36,98166;"rulm026_Rev07_IMG_0436.AVI";2022-07-30 18:24:28
"102";2022-07-31 09:20:00;"sylvia melanocephala";"IMG_0338.AVI";"rulm";"rulm046";"Rev07";"sylvia melanocephala";"eating";1;FALSE;"Rulm046_20";1;485;3,747083333;5;1;31,2495;-6,483859001;36,98106199;"rulm046_Rev07_IMG_0338.AVI";2022-07-31 09:20:04
"103";2022-07-31 19:45:00;"sylvia melanocephala";"IMG_0272.AVI";"rulm";"rulm014";"Rev07";"sylvia melanocephala";"eating";1;FALSE;"Rulm014_14";1;415;4,547824074;5;1;16,799832;-6,44253;36,99081;"rulm014_Rev07_IMG_0272.AVI";2022-07-31 19:43:08
"104";2022-08-01 14:35:00;"sylvia melanocephala";"IMG_0296.AVI";"rulm";"rulm014";"Rev07";"sylvia melanocephala";"eating";1;FALSE;"Rulm014_14";1;415;4,547824074;5;1;10,533228;-6,44253;36,99081;"rulm014_Rev07_IMG_0296.AVI";2022-08-01 14:33:46
"105";2022-08-03 14:10:00;"sylvia communis";"IMG_0001.AVI";"rulm";"rulm001";"Rev08";"sylvia communis";"probably eating";1;FALSE;"Rulm001_01";1;12;7,811805556;9;1;10,249836;-6,45251;36,96007;"rulm001_Rev08_IMG_0001.AVI";2022-08-03 14:11:06
"106";2022-08-05 10:25:00;"sylvia communis";"IMG_0417.AVI";"rulm";"rulm005";"Rev08";"sylvia communis";"eating";1;FALSE;"Rulm005_05";1;565;5,292037037;9;1;10,249836;-6,45203;36,96009;"rulm005_Rev08_IMG_0417.AVI";2022-08-05 10:24:26
"107";2022-08-06 10:25:00;"sylvia melanocephala";"IMG_0034.AVI";"rulm";"rulm012";"Rev08";"sylvia melanocephala";"searching for food";1;FALSE;"Rulm012_12";1;236;8,317384259;9;1;10,533228;-6,44174;36,98949;"rulm012_Rev08_IMG_0034.AVI";2022-08-06 10:25:16
"108";2022-08-07 10:00:00;"sylvia melanocephala";"IMG_0045.AVI";"rulm";"rulm012";"Rev08";"sylvia melanocephala";"searching for food";1;FALSE;"Rulm012_12";1;236;8,317384259;9;1;10,499895;-6,44174;36,98949;"rulm012_Rev08_IMG_0045.AVI";2022-08-07 10:01:20
"109";2022-08-07 16:25:00;"sylvia communis";"IMG_0536.AVI";"rulm";"rulm005";"Rev08";"sylvia communis";"searching for food";1;FALSE;"Rulm005_05";1;565;5,292037037;9;1;10,249836;-6,45203;36,96009;"rulm005_Rev08_IMG_0536.AVI";2022-08-07 16:22:46
"110";2022-08-08 10:50:00;"sylvia melanocephala";"IMG_0052.AVI";"rulm";"rulm012";"Rev08";"sylvia melanocephala";"searching for food";1;FALSE;"Rulm012_12";1;236;8,317384259;9;1;20,99979;-6,44174;36,98949;"rulm012_Rev08_IMG_0052.AVI";2022-08-08 10:48:36
"111";2022-08-10 15:50:00;"sylvia melanocephala";"IMG_0022.AVI";"rulm";"rulm047";"Rev08";"sylvia melanocephala";"eating";1;FALSE;"Rulm047_21";1;25;8,047939815;9;1;10,291502;-6,484169969;36,98134596;"rulm047_Rev08_IMG_0022.AVI";2022-08-10 15:47:38
"112";2022-08-11 17:00:00;"sylvia melanocephala";"IMG_0006.AVI";"rulm";"rulm017";"Rev09";"sylvia melanocephala";"eating";1;FALSE;"Rulm017_17";1;370;6,881828704;7;1;17,624718;-6,44264;36,99306;"rulm017_Rev09_IMG_0006.AVI";2022-08-11 16:59:44
"113";2022-08-11 17:50:00;"sylvia melanocephala";"IMG_0027.AVI, IMG_0028.AVI";"rulm";"rulm014";"Rev09";"sylvia melanocephala, sylvia melanocephala";"eating, probably eating";1;FALSE;"Rulm014_14, Rulm014_14";1;516;5,209953704;7;2;27,33306;-6,44253;36,99081;"rulm014_Rev09_IMG_0027.AVI, IMG_0028.AVI";2022-08-11 17:49:40
"114";2022-08-11 18:25:00;"sylvia melanocephala";"IMG_0009.AVI";"rulm";"rulm017";"Rev09";"sylvia melanocephala";"eating";1;FALSE;"Rulm017_17";1;370;6,881828704;7;1;10,291502;-6,44264;36,99306;"rulm017_Rev09_IMG_0009.AVI";2022-08-11 18:24:18
"115";2022-08-11 18:35:00;"saxicola rubicola";"IMG_0011.AVI";"rulm";"rulm017";"Rev09";"saxicola rubicola";"eating";1;FALSE;"Rulm017_17";1;370;6,881828704;7;1;10,333168;-6,44264;36,99306;"rulm017_Rev09_IMG_0011.AVI";2022-08-11 18:32:42
"116";2022-08-11 19:30:00;"sylvia melanocephala";"IMG_0008.AVI";"rulm";"rulm036";"Rev09";"sylvia melanocephala";"searching for food";1;FALSE;"Rulm036_10";1;189;6,953287037;7;1;10,249836;-6,440420039;36,98771001;"rulm036_Rev09_IMG_0008.AVI";2022-08-11 19:30:28
"117";2022-08-12 11:50:00;"sylvia melanocephala";"IMG_0038.AVI";"rulm";"rulm014";"Rev09";"sylvia melanocephala";"eating";1;FALSE;"Rulm014_14";1;516;5,209953704;7;1;10,533228;-6,44253;36,99081;"rulm014_Rev09_IMG_0038.AVI";2022-08-12 11:49:08
"118";2022-08-12 18:20:00;"iduna opaca";"IMG_0025.AVI";"rulm";"rulm003";"Rev09";"iduna opaca";"searching for food";1;FALSE;"Rulm003_03";1;471;7,046435185;7;1;10,291502;-6,45262;36,95993;"rulm003_Rev09_IMG_0025.AVI";2022-08-12 18:20:30
"119";2022-08-13 07:55:00;"sylvia melanocephala";"IMG_0010.AVI";"rulm";"rulm015";"Rev09";"sylvia melanocephala";"eating";1;FALSE;"Rulm015_15";1;41;4,021898148;7;1;25,499592;-6,44269;36,99223;"rulm015_Rev09_IMG_0010.AVI";2022-08-13 07:54:34
"120";2022-08-13 18:20:00;"sylvia cantillans";"IMG_0005.AVI";"rulm";"rulm007";"Rev09";"sylvia cantillans";"probably eating";1;FALSE;"Rulm007_07";1;9;7,053078704;7;1;10,458166;-6,4532;36,95988;"rulm007_Rev09_IMG_0005.AVI";2022-08-13 18:22:16
"121";2022-08-14 11:25:00;"sylvia melanocephala";"IMG_0045.AVI";"rulm";"rulm027";"Rev09";"sylvia melanocephala";"eating";1;FALSE;"Rulm027_27";1;230;7,001550926;7;1;16,583068;-6,48232;36,98177;"rulm027_Rev09_IMG_0045.AVI";2022-08-14 11:26:18
"122";2022-08-15 08:25:00;"luscinia megarynchos";"IMG_0401.AVI";"rulm";"rulm009";"Rev09";"luscinia megarynchos";"searching for food";1;FALSE;"Rulm009_09";1;478;4,111412037;7;1;10,333168;-6,44044;36,98766;"rulm009_Rev09_IMG_0401.AVI";2022-08-15 08:25:28
"123";2022-08-16 13:05:00;"sylvia melanocephala";"IMG_0506.AVI, IMG_0507.AVI";"rulm";"rulm014";"Rev09";"sylvia melanocephala, sylvia melanocephala";"eating, searching for food";1;FALSE;"Rulm014_14, Rulm014_14";1;516;5,209953704;7;2;29,399706;-6,44253;36,99081;"rulm014_Rev09_IMG_0506.AVI, IMG_0507.AVI";2022-08-16 13:04:38
"124";2022-08-17 06:20:00;"cervus elaphus";"IMG_0120.AVI";"rulm";"rulm044";"Rev09";"cervus elaphus";"eating";1;FALSE;"Rulm044_24";1;192;7,010555556;7;1;10,333168;-6,482199971;36,98240996;"rulm044_Rev09_IMG_0120.AVI";2022-08-17 06:18:14
"125";2022-08-17 07:50:00;"sylvia melanocephala";"IMG_0075.AVI";"rulm";"rulm022";"Rev09";"sylvia melanocephala";"searching for food";1;FALSE;"Rulm022_22";1;85;7,005138889;7;1;10,249836;-6,48377;36,98063;"rulm022_Rev09_IMG_0075.AVI";2022-08-17 07:52:18
"126";2022-08-18 16:20:00;"sylvia melanocephala";"IMG_0010.AVI";"rulm";"rulm017";"Rev10";"sylvia melanocephala";"eating";1;FALSE;"Rulm017_17";1;40;5,504074074;6;1;31,04117;-6,44264;36,99306;"rulm017_Rev10_IMG_0010.AVI";2022-08-18 16:18:18
"127";2022-08-19 07:45:00;"sylvia melanocephala";"IMG_0003.AVI";"rulm";"rulm001";"Rev10";"sylvia melanocephala";"searching for food";1;FALSE;"Rulm001_01";1;19;5,550972222;6;1;10,333168;-6,45251;36,96007;"rulm001_Rev10_IMG_0003.AVI";2022-08-19 07:44:14
"128";2022-08-19 08:35:00;"sylvia melanocephala";"IMG_0015.AVI";"rulm";"rulm008";"Rev10";"sylvia melanocephala";"probably eating";1;FALSE;"Rulm008_08";1;35;6,009791667;6;1;10,249836;-6,44024;36,98765;"rulm008_Rev10_IMG_0015.AVI";2022-08-19 08:36:54
"129";2022-08-19 13:15:00;"sylvia melanocephala";"IMG_0010.MP4";"aspa";"aspa014";"Rev10";"sylvia melanocephala";"searching for food";1;FALSE;"Aspa014_31";1;42;5,981458333;6;1;10;-6,483950028;36,98114002;"aspa014_Rev10_IMG_0010.MP4";2022-08-19 13:16:38
"130";2022-08-19 19:20:00;"sylvia melanocephala";"IMG_0018.AVI";"rulm";"rulm017";"Rev10";"sylvia melanocephala";"eating";1;FALSE;"Rulm017_17";1;40;5,504074074;6;1;10,291502;-6,44264;36,99306;"rulm017_Rev10_IMG_0018.AVI";2022-08-19 19:20:50
"131";2022-08-20 12:55:00;"luscinia megarynchos";"IMG_0072.AVI";"rulm";"rulm027";"Rev10";"luscinia megarynchos";"probably eating";1;FALSE;"Rulm027_27";1;367;5,827708333;6;1;16,24974;-6,48232;36,98177;"rulm027_Rev10_IMG_0072.AVI";2022-08-20 12:57:14
"132";2022-08-20 17:15:00;"sylvia melanocephala";"IMG_0023.AVI";"rulm";"rulm017";"Rev10";"sylvia melanocephala";"eating";1;FALSE;"Rulm017_17";1;40;5,504074074;6;1;10,374834;-6,44264;36,99306;"rulm017_Rev10_IMG_0023.AVI";2022-08-20 17:14:18
"133";2022-08-24 18:05:00;"sylvia melanocephala";"IMG_0021.AVI";"rulm";"rulm046";"Rev11";"sylvia melanocephala";"searching for food";1;FALSE;"Rulm046_20";1;203;6,987314815;7;1;20,499672;-6,483859001;36,98106199;"rulm046_Rev11_IMG_0021.AVI";2022-08-24 18:06:12
"134";2022-08-24 18:15:00;"saxicola rubicola";"IMG_0273.AVI";"rulm";"rulm011";"Rev11";"saxicola rubicola";"eating";1;FALSE;"Rulm011_11";1;413;1,267013889;7;1;10,249836;-6,44209;36,98898;"rulm011_Rev11_IMG_0273.AVI";2022-08-24 18:15:06
"135";2022-08-26 08:35:00;"sylvia melanocephala";"IMG_0013.AVI";"rulm";"rulm043";"Rev11";"sylvia melanocephala";"searching for food";1;FALSE;"Rulm043_23";1;40;6,995509259;7;1;10,291502;-6,48222;36,98231;"rulm043_Rev11_IMG_0013.AVI";2022-08-26 08:34:52
"136";2022-08-28 08:20:00;"sylvia melanocephala";"IMG_0020.AVI";"rulm";"rulm043";"Rev11";"sylvia melanocephala";"searching for food";1;FALSE;"Rulm043_23";1;40;6,995509259;7;1;10,20817;-6,48222;36,98231;"rulm043_Rev11_IMG_0020.AVI";2022-08-28 08:22:22
"137";2022-08-28 08:45:00;"sylvia melanocephala";"IMG_0019.AVI";"rulm";"rulm008";"Rev11";"sylvia melanocephala";"searching for food";1;FALSE;"Rulm008_08";1;34;6,993217593;7;1;17,49972;-6,44024;36,98765;"rulm008_Rev11_IMG_0019.AVI";2022-08-28 08:45:04
"138";2022-08-29 12:55:00;"passer domesticus";"IMG_0082.AVI";"rulm";"rulm017";"Rev11";"passer domesticus";"probably eating";1;FALSE;"Rulm017_17";1;101;6,997361111;7;1;10,249836;-6,44264;36,99306;"rulm017_Rev11_IMG_0082.AVI";2022-08-29 12:57:22
"139";2022-08-30 08:15:00;"sylvia melanocephala";"IMG_0174.AVI";"rulm";"rulm046";"Rev11";"sylvia melanocephala";"eating";1;FALSE;"Rulm046_20";1;203;6,987314815;7;1;16,24974;-6,483859001;36,98106199;"rulm046_Rev11_IMG_0174.AVI";2022-08-30 08:13:44
"140";2022-08-30 14:10:00;"luscinia megarynchos";"IMG_0085.AVI";"rulm";"rulm017";"Rev11";"luscinia megarynchos";"eating";1;FALSE;"Rulm017_17";1;101;6,997361111;7;1;16,291406;-6,44264;36,99306;"rulm017_Rev11_IMG_0085.AVI";2022-08-30 14:10:18
"141";2022-08-30 15:20:00;"sylvia communis";"IMG_0090.AVI, IMG_0091.AVI";"rulm";"rulm017";"Rev11";"sylvia communis, sylvia communis";"searching for food, eating";1;TRUE;"Rulm017_17, Rulm017_17";1;101;6,997361111;7;2;20,499672;-6,44264;36,99306;"rulm017_Rev11_IMG_0090.AVI, IMG_0091.AVI";2022-08-30 15:22:12
"142";2022-08-30 15:25:00;"sylvia communis";"IMG_0092.AVI";"rulm";"rulm017";"Rev11";"sylvia communis";"eating";1;TRUE;"Rulm017_17";1;101;6,997361111;7;1;10,249836;-6,44264;36,99306;"rulm017_Rev11_IMG_0092.AVI";2022-08-30 15:22:50
"143";2022-08-31 07:45:00;"sylvia melanocephala";"IMG_0192.AVI, IMG_0193.AVI";"rulm";"rulm046";"Rev11";"sylvia melanocephala, sylvia melanocephala";"eating, eating";1;FALSE;"Rulm046_20, Rulm046_20";1;203;6,987314815;7;2;29,79119;-6,483859001;36,98106199;"rulm046_Rev11_IMG_0192.AVI, IMG_0193.AVI";2022-08-31 07:46:28
"144";2022-08-31 16:40:00;"emberiza schoeniculus";"IMG_0018.AVI, IMG_0019.AVI";"rulm";"rulm015";"Rev12";"emberiza schoeniculus, emberiza schoeniculus";"eating, probably eating";1;FALSE;"Rulm015_15, Rulm015_15";1;489;3,194097222;8;2;20,874666;-6,44269;36,99223;"rulm015_Rev12_IMG_0018.AVI, IMG_0019.AVI";2022-08-31 16:39:40
"145";2022-09-01 07:40:00;"sylvia melanocephala";"IMG_0078.AVI";"rulm";"rulm046";"Rev12";"sylvia melanocephala";"eating";1;FALSE;"Rulm046_20";1;421;3,137037037;8;1;20,499672;-6,483859001;36,98106199;"rulm046_Rev12_IMG_0078.AVI";2022-09-01 07:39:24
"146";2022-09-01 07:55:00;"sylvia melanocephala";"IMG_0080.AVI";"rulm";"rulm046";"Rev12";"sylvia melanocephala";"probably eating";1;FALSE;"Rulm046_20";1;421;3,137037037;8;1;10,20817;-6,483859001;36,98106199;"rulm046_Rev12_IMG_0080.AVI";2022-09-01 07:56:08
"147";2022-09-01 12:00:00;"luscinia megarynchos";"IMG_0110.AVI";"rulm";"rulm011";"Rev12";"luscinia megarynchos";"eating";1;FALSE;"Rulm011_11";1;501;5,224583333;8;1;10,333168;-6,44209;36,98898;"rulm011_Rev12_IMG_0110.AVI";2022-09-01 12:00:26
"148";2022-09-01 16:20:00;"saxicola rubicola";"IMG_0043.AVI";"rulm";"rulm016";"Rev12";"saxicola rubicola";"eating";1;FALSE;"Rulm016_16";1;366;5,73150463;8;1;10,249836;-6,44237;36,9925;"rulm016_Rev12_IMG_0043.AVI";2022-09-01 16:18:10
"149";2022-09-01 18:10:00;"sylvia melanocephala";"IMG_0014.AVI";"rulm";"rulm045";"Rev12";"sylvia melanocephala";"searching for food";1;FALSE;"Rulm045_19";1;85;8,041689815;8;1;10,333168;-6,484169969;36,98140003;"rulm045_Rev12_IMG_0014.AVI";2022-09-01 18:09:08
"150";2022-09-02 07:45:00;"sylvia melanocephala";"IMG_0027.AVI";"rulm";"rulm017";"Rev12";"sylvia melanocephala";"eating";1;FALSE;"Rulm017_17";1;96;7,971018519;8;1;19,708018;-6,44264;36,99306;"rulm017_Rev12_IMG_0027.AVI";2022-09-02 07:46:32
"151";2022-09-02 07:50:00;"sylvia melanocephala";"IMG_0109.AVI";"rulm";"rulm046";"Rev12";"sylvia melanocephala";"eating";1;FALSE;"Rulm046_20";1;421;3,137037037;8;1;23,791286;-6,483859001;36,98106199;"rulm046_Rev12_IMG_0109.AVI";2022-09-02 07:47:40
"152";2022-09-02 11:10:00;"sylvia melanocephala";"IMG_0004.AVI";"rulm";"rulm036";"Rev12";"sylvia melanocephala";"probably eating";1;FALSE;"Rulm036_10";1;39;8,027638889;8;1;10,333168;-6,440420039;36,98771001;"rulm036_Rev12_IMG_0004.AVI";2022-09-02 11:10:12
"153";2022-09-02 12:20:00;"ficedula hypoleuca";"IMG_0123.AVI";"rulm";"rulm015";"Rev12";"ficedula hypoleuca";"probably eating";1;FALSE;"Rulm015_15";1;489;3,194097222;8;1;16,624734;-6,44269;36,99223;"rulm015_Rev12_IMG_0123.AVI";2022-09-02 12:20:42
"154";2022-09-02 17:10:00;"sylvia melanocephala";"IMG_0029.AVI";"rulm";"rulm017";"Rev12";"sylvia melanocephala";"eating";1;FALSE;"Rulm017_17";1;96;7,971018519;8;1;10,249836;-6,44264;36,99306;"rulm017_Rev12_IMG_0029.AVI";2022-09-02 17:12:20
"155";2022-09-03 07:45:00;"sylvia melanocephala";"IMG_0319.AVI";"rulm";"rulm046";"Rev12";"sylvia melanocephala";"eating";1;FALSE;"Rulm046_20";1;421;3,137037037;8;1;43,707634;-6,483859001;36,98106199;"rulm046_Rev12_IMG_0319.AVI";2022-09-03 07:46:50
"156";2022-09-04 08:10:00;"sturnus unicolor";"IMG_0226.AVI";"rulm";"rulm016";"Rev12";"sturnus unicolor";"eating";1;FALSE;"Rulm016_16";1;366;5,73150463;8;1;25,791254;-6,44237;36,9925;"rulm016_Rev12_IMG_0226.AVI";2022-09-04 08:11:00
"157";2022-09-04 13:40:00;"sylvia communis";"IMG_0052.AVI";"rulm";"rulm017";"Rev12";"sylvia communis";"eating";1;FALSE;"Rulm017_17";1;96;7,971018519;8;1;35,332768;-6,44264;36,99306;"rulm017_Rev12_IMG_0052.AVI";2022-09-04 13:41:12
"158";2022-09-04 16:05:00;"sylvia melanocephala";"IMG_0053.AVI";"rulm";"rulm017";"Rev12";"sylvia melanocephala";"searching for food";1;FALSE;"Rulm017_17";1;96;7,971018519;8;1;25,666256;-6,44264;36,99306;"rulm017_Rev12_IMG_0053.AVI";2022-09-04 16:05:22
"159";2022-09-04 18:45:00;"sylvia melanocephala";"IMG_0061.AVI";"rulm";"rulm017";"Rev12";"sylvia melanocephala";"searching for food";1;FALSE;"Rulm017_17";1;96;7,971018519;8;1;10,291502;-6,44264;36,99306;"rulm017_Rev12_IMG_0061.AVI";2022-09-04 18:44:06
"160";2022-09-05 12:35:00;"hippolais polyglota";"IMG_0069.AVI";"rulm";"rulm017";"Rev12";"hippolais polyglota";"probably eating";1;FALSE;"Rulm017_17";1;96;7,971018519;8;1;10,333168;-6,44264;36,99306;"rulm017_Rev12_IMG_0069.AVI";2022-09-05 12:34:00
"161";2022-09-06 16:00:00;"sylvia melanocephala";"IMG_0085.AVI";"rulm";"rulm017";"Rev12";"sylvia melanocephala";"probably eating";1;FALSE;"Rulm017_17";1;96;7,971018519;8;1;10,333168;-6,44264;36,99306;"rulm017_Rev12_IMG_0085.AVI";2022-09-06 15:58:04
"162";2022-09-06 19:45:00;"sylvia melanocephala";"IMG_0160.AVI";"rulm";"rulm018";"Rev12";"sylvia melanocephala";"searching for food";1;FALSE;"Rulm018_18";1;197;8,04162037;8;1;16,291406;-6,48421;36,98136;"rulm018_Rev12_IMG_0160.AVI";2022-09-06 19:42:32
"163";2022-09-07 08:50:00;"luscinia megarynchos";"IMG_0299.AVI";"rulm";"rulm004";"Rev12";"luscinia megarynchos";"searching for food";1;FALSE;"Rulm004_04";1;320;8,008148148;8;1;10,249836;-6,4524;36,96007;"rulm004_Rev12_IMG_0299.AVI";2022-09-07 08:51:56
"164";2022-09-07 16:55:00;"sylvia melanocephala";"IMG_0105.AVI";"rulm";"rulm008";"Rev12";"sylvia melanocephala";"searching for food";1;FALSE;"Rulm008_08";1;114;8,031782407;8;1;10,291502;-6,44024;36,98765;"rulm008_Rev12_IMG_0105.AVI";2022-09-07 16:57:18
"165";2022-09-07 18:10:00;"sylvia melanocephala";"IMG_0083.AVI";"rulm";"rulm045";"Rev12";"sylvia melanocephala";"searching for food";1;FALSE;"Rulm045_19";1;85;8,041689815;8;1;10,458166;-6,484169969;36,98140003;"rulm045_Rev12_IMG_0083.AVI";2022-09-07 18:12:12
"166";2022-09-08 07:40:00;"sylvia communis";"IMG_0041.AVI";"rulm";"rulm001";"Rev12";"sylvia communis";"searching for food";1;FALSE;"Rulm001_01";1;44;8,006689815;8;1;10,20817;-6,45251;36,96007;"rulm001_Rev12_IMG_0041.AVI";2022-09-08 07:42:18
"167";2022-09-09 11:10:00;"saxicola rubicola";"IMG_0009.AVI";"rulm";"rulm012";"Rev13";"saxicola rubicola";"probably eating";1;FALSE;"Rulm012_12";1;36;5,965300926;6;1;10,533228;-6,44174;36,98949;"rulm012_Rev13_IMG_0009.AVI";2022-09-09 11:08:02
"168";2022-09-10 15:55:00;"sylvia melanocephala";"IMG_0048.AVI";"rulm";"rulm015";"Rev13";"sylvia melanocephala";"eating";1;FALSE;"Rulm015_15";1;73;5,934814815;6;1;10,249836;-6,44269;36,99223;"rulm015_Rev13_IMG_0048.AVI";2022-09-10 15:54:14
"169";2022-09-10 16:50:00;"sylvia melanocephala";"IMG_0050.AVI, IMG_0051.AVI";"rulm";"rulm015";"Rev13";"sylvia melanocephala, sylvia melanocephala";"eating, eating";1;FALSE;"Rulm015_15, Rulm015_15";1;73;5,934814815;6;2;29,79119;-6,44269;36,99223;"rulm015_Rev13_IMG_0050.AVI, IMG_0051.AVI";2022-09-10 16:48:56
"170";2022-09-11 09:00:00;"luscinia megarynchos";"IMG_0086.AVI";"rulm";"rulm008";"Rev13";"luscinia megarynchos";"eating";1;FALSE;"Rulm008_08";1;244;5,972175926;6;1;10,249836;-6,44024;36,98765;"rulm008_Rev13_IMG_0086.AVI";2022-09-11 09:01:14
"171";2022-09-11 10:55:00;"sylvia melanocephala";"IMG_0028.AVI";"rulm";"rulm027";"Rev13";"sylvia melanocephala";"eating";1;FALSE;"Rulm027_27";1;43;5,935347222;6;1;35,499432;-6,48232;36,98177;"rulm027_Rev13_IMG_0028.AVI";2022-09-11 10:56:24
"172";2022-09-11 22:15:00;"sylvia communis";"IMG_0511.AVI";"rulm";"rulm016";"Rev13";"sylvia communis";"searching for food";1;FALSE;"Rulm016_16";1;475;3,072013889;6;1;10,249836;-6,44237;36,9925;"rulm016_Rev13_IMG_0511.AVI";2022-09-11 22:17:00
"173";2022-09-12 09:25:00;"luscinia megarynchos";"IMG_0015.AVI";"rulm";"rulm007";"Rev13";"luscinia megarynchos";"searching for food";1;FALSE;"Rulm007_07";1;20;5,957314815;6;1;10,249836;-6,4532;36,95988;"rulm007_Rev13_IMG_0015.AVI";2022-09-12 09:25:26
"174";2022-09-13 09:50:00;"sylvia melanocephala";"IMG_0038.AVI";"rulm";"rulm027";"Rev13";"sylvia melanocephala";"probably eating";1;FALSE;"Rulm027_27";1;43;5,935347222;6;1;10,249836;-6,48232;36,98177;"rulm027_Rev13_IMG_0038.AVI";2022-09-13 09:51:22
"175";2022-09-13 12:20:00;"sylvia melanocephala";"IMG_0022.AVI";"rulm";"rulm017";"Rev13";"sylvia melanocephala";"eating";1;FALSE;"Rulm017_17";1;33;5,960717593;6;1;32,70781;-6,44264;36,99306;"rulm017_Rev13_IMG_0022.AVI";2022-09-13 12:18:06
"176";2022-09-14 14:00:00;"sylvia melanocephala";"IMG_0003.AVI";"rulm";"rulm017";"Rev14";"sylvia melanocephala";"eating";1;FALSE;"Rulm017_17";1;174;7,996666667;8;1;16,24974;-6,44264;36,99306;"rulm017_Rev14_IMG_0003.AVI";2022-09-14 13:58:26
"177";2022-09-14 16:40:00;"sylvia communis";"IMG_0018.AVI";"rulm";"rulm013";"Rev14";"sylvia communis";"eating";1;FALSE;"Rulm013_13";1;138;7,990231481;8;1;16,416404;-6,44232;36,99058;"rulm013_Rev14_IMG_0018.AVI";2022-09-14 16:37:40
"178";2022-09-14 17:45:00;"parus major";"IMG_0013.AVI";"rulm";"rulm015";"Rev14";"parus major";"eating";1;FALSE;"Rulm015_15";1;241;7,999166667;8;1;10,166504;-6,44269;36,99223;"rulm015_Rev14_IMG_0013.AVI";2022-09-14 17:46:36
"179";2022-09-14 17:55:00;"sylvia melanocephala";"IMG_0008.AVI";"rulm";"rulm017";"Rev14";"sylvia melanocephala";"eating";1;FALSE;"Rulm017_17";1;174;7,996666667;8;1;10,333168;-6,44264;36,99306;"rulm017_Rev14_IMG_0008.AVI";2022-09-14 17:55:12
"180";2022-09-15 11:00:00;"sylvia communis";"IMG_0023.AVI";"rulm";"rulm013";"Rev14";"sylvia communis";"searching for food";1;FALSE;"Rulm013_13";1;138;7,990231481;8;1;10,333168;-6,44232;36,99058;"rulm013_Rev14_IMG_0023.AVI";2022-09-15 10:58:22
"181";2022-09-15 17:45:00;"parus major";"IMG_0065.AVI";"rulm";"rulm015";"Rev14";"parus major";"probably eating";1;FALSE;"Rulm015_15";1;241;7,999166667;8;1;10,249836;-6,44269;36,99223;"rulm015_Rev14_IMG_0065.AVI";2022-09-15 17:47:08
"182";2022-09-16 08:40:00;"sylvia communis";"IMG_0029.AVI";"rulm";"rulm017";"Rev14";"sylvia communis";"probably eating";1;FALSE;"Rulm017_17";1;174;7,996666667;8;1;10,20817;-6,44264;36,99306;"rulm017_Rev14_IMG_0029.AVI";2022-09-16 08:41:26
"183";2022-09-16 17:30:00;"sylvia melanocephala";"IMG_0030.MP4";"aspa";"aspa014";"Rev14";"sylvia melanocephala";"probably eating";1;FALSE;"Aspa014_31";1;73;8,068819444;8;1;10;-6,483950028;36,98114002;"aspa014_Rev14_IMG_0030.MP4";2022-09-16 17:29:26
"184";2022-09-17 10:00:00;"sylvia melanocephala";"IMG_0057.AVI";"rulm";"rulm017";"Rev14";"sylvia melanocephala";"probably eating";1;FALSE;"Rulm017_17";1;174;7,996666667;8;1;10,249836;-6,44264;36,99306;"rulm017_Rev14_IMG_0057.AVI";2022-09-17 09:57:30
"185";2022-09-17 13:05:00;"sylvia melanocephala";"IMG_0058.AVI";"rulm";"rulm017";"Rev14";"sylvia melanocephala";"eating";1;FALSE;"Rulm017_17";1;174;7,996666667;8;1;18,249708;-6,44264;36,99306;"rulm017_Rev14_IMG_0058.AVI";2022-09-17 13:04:46
"186";2022-09-17 13:10:00;"sylvia melanocephala";"IMG_0059.AVI, IMG_0060.AVI, IMG_0061.AVI";"rulm";"rulm017";"Rev14";"sylvia melanocephala, sylvia melanocephala, sylvia melanocephala";"eating, eating, eating";1;FALSE;"Rulm017_17, Rulm017_17, Rulm017_17";1;174;7,996666667;8;3;36,749412;-6,44264;36,99306;"rulm017_Rev14_IMG_0059.AVI, IMG_0060.AVI, IMG_0061.AVI";2022-09-17 13:10:44
"187";2022-09-17 14:15:00;"sylvia melanocephala";"IMG_0065.AVI";"rulm";"rulm017";"Rev14";"sylvia melanocephala";"eating";1;FALSE;"Rulm017_17";1;174;7,996666667;8;1;17,49972;-6,44264;36,99306;"rulm017_Rev14_IMG_0065.AVI";2022-09-17 14:13:48
"188";2022-09-17 14:40:00;"passer domesticus";"IMG_0160.AVI";"rulm";"rulm015";"Rev14";"passer domesticus";"eating";1;FALSE;"Rulm015_15";1;241;7,999166667;8;1;10,166504;-6,44269;36,99223;"rulm015_Rev14_IMG_0160.AVI";2022-09-17 14:39:22
"189";2022-09-17 18:50:00;"sylvia melanocephala";"IMG_0039.AVI";"rulm";"rulm001";"Rev14";"sylvia melanocephala";"searching for food";1;FALSE;"Rulm001_01";1;131;8,028587963;8;1;10,249836;-6,45251;36,96007;"rulm001_Rev14_IMG_0039.AVI";2022-09-17 18:48:40
"190";2022-09-17 19:10:00;"phoenicurus phoenicurus";"IMG_0061.AVI";"rulm";"rulm008";"Rev14";"phoenicurus phoenicurus";"probably eating";1;FALSE;"Rulm008_08";1;85;7,987777778;8;1;10,249836;-6,44024;36,98765;"rulm008_Rev14_IMG_0061.AVI";2022-09-17 19:09:24
"191";2022-09-17 19:40:00;"turdus merula";"IMG_0189.AVI";"rulm";"rulm015";"Rev14";"turdus merula";"eating";1;FALSE;"Rulm015_15";1;241;7,999166667;8;1;10,458166;-6,44269;36,99223;"rulm015_Rev14_IMG_0189.AVI";2022-09-17 19:39:58
"192";2022-09-18 04:25:00;"sylvia melanocephala";"IMG_0078.AVI";"rulm";"rulm016";"Rev14";"sylvia melanocephala";"searching for food";1;FALSE;"Rulm016_16";1;205;7,998541667;8;1;10,4165;-6,44237;36,9925;"rulm016_Rev14_IMG_0078.AVI";2022-09-18 04:25:44
"193";2022-09-18 10:20:00;"sylvia melanocephala";"IMG_0069.AVI, IMG_0070.AVI, IMG_0071.AVI, IMG_0072.AVI";"rulm";"rulm017";"Rev14";"sylvia melanocephala, sylvia melanocephala, sylvia melanocephala, sylvia melanocephala";"eating, eating, eating, eating";1;FALSE;"Rulm017_17, Rulm017_17, Rulm017_17, Rulm017_17";1;174;7,996666667;8;4;56,749092;-6,44264;36,99306;"rulm017_Rev14_IMG_0069.AVI, IMG_0070.AVI, IMG_0071.AVI, IMG_0072.AVI";2022-09-18 10:20:48
"194";2022-09-18 12:50:00;"hippolais polyglota";"IMG_0060.AVI";"rulm";"rulm004";"Rev14";"hippolais polyglota";"probably eating";1;FALSE;"Rulm004_04";1;78;7,214884259;8;1;10,249836;-6,4524;36,96007;"rulm004_Rev14_IMG_0060.AVI";2022-09-18 12:49:10
"195";2022-09-18 14:15:00;"hippolais polyglota";"IMG_0070.AVI";"rulm";"rulm012";"Rev14";"hippolais polyglota";"searching for food";1;FALSE;"Rulm012_12";1;117;7,991365741;8;1;17,966487;-6,44174;36,98949;"rulm012_Rev14_IMG_0070.AVI";2022-09-18 14:17:04
"196";2022-09-18 14:50:00;"sylvia melanocephala";"IMG_0077.AVI";"rulm";"rulm017";"Rev14";"sylvia melanocephala";"eating";1;FALSE;"Rulm017_17";1;174;7,996666667;8;1;10,249836;-6,44264;36,99306;"rulm017_Rev14_IMG_0077.AVI";2022-09-18 14:47:36
"197";2022-09-18 15:55:00;"sylvia melanocephala";"IMG_0080.AVI";"rulm";"rulm017";"Rev14";"sylvia melanocephala";"searching for food";1;FALSE;"Rulm017_17";1;174;7,996666667;8;1;10,374834;-6,44264;36,99306;"rulm017_Rev14_IMG_0080.AVI";2022-09-18 15:54:36
"198";2022-09-18 20:00:00;"sylvia melanocephala";"IMG_0128.AVI";"rulm";"rulm016";"Rev14";"sylvia melanocephala";"searching for food";1;FALSE;"Rulm016_16";1;205;7,998541667;8;1;10,249836;-6,44237;36,9925;"rulm016_Rev14_IMG_0128.AVI";2022-09-18 20:01:24
"199";2022-09-19 08:55:00;"ficedula hypoleuca";"IMG_0141.AVI";"rulm";"rulm002";"Rev14";"ficedula hypoleuca";"eating";1;FALSE;"Rulm002_02";1;181;8,029097222;8;1;18,583036;-6,4526;36,95985;"rulm002_Rev14_IMG_0141.AVI";2022-09-19 08:56:50
"200";2022-09-19 09:40:00;"sylvia melanocephala";"IMG_0089.AVI, IMG_0090.AVI";"rulm";"rulm017";"Rev14";"sylvia melanocephala, sylvia melanocephala";"eating, eating";1;FALSE;"Rulm017_17, Rulm017_17";1;174;7,996666667;8;2;37,332736;-6,44264;36,99306;"rulm017_Rev14_IMG_0089.AVI, IMG_0090.AVI";2022-09-19 09:39:36
"201";2022-09-19 14:00:00;"sylvia melanocephala";"IMG_0068.AVI";"rulm";"rulm008";"Rev14";"sylvia melanocephala";"eating";1;FALSE;"Rulm008_08";1;85;7,987777778;8;1;10,166504;-6,44024;36,98765;"rulm008_Rev14_IMG_0068.AVI";2022-09-19 14:00:38
"202";2022-09-19 14:05:00;"ficedula hypoleuca";"IMG_0144.AVI";"rulm";"rulm002";"Rev14";"ficedula hypoleuca";"probably eating";1;FALSE;"Rulm002_02";1;181;8,029097222;8;1;10,291502;-6,4526;36,95985;"rulm002_Rev14_IMG_0144.AVI";2022-09-19 14:06:10
"203";2022-09-19 14:35:00;"sylvia melanocephala";"IMG_0091.AVI";"rulm";"rulm017";"Rev14";"sylvia melanocephala";"eating";1;FALSE;"Rulm017_17";1;174;7,996666667;8;1;19,499688;-6,44264;36,99306;"rulm017_Rev14_IMG_0091.AVI";2022-09-19 14:34:24
"204";2022-09-19 17:20:00;"ficedula hypoleuca";"IMG_0151.AVI";"rulm";"rulm002";"Rev14";"ficedula hypoleuca";"eating";1;FALSE;"Rulm002_02";1;181;8,029097222;8;1;10,291502;-6,4526;36,95985;"rulm002_Rev14_IMG_0151.AVI";2022-09-19 17:20:24
"205";2022-09-20 02:05:00;"sylvia communis";"IMG_0170.AVI, IMG_0171.AVI";"rulm";"rulm016";"Rev14";"sylvia communis, sylvia communis";"probably eating, searching for food";1;FALSE;"Rulm016_16, Rulm016_16";1;205;7,998541667;8;2;20,749668;-6,44237;36,9925;"rulm016_Rev14_IMG_0170.AVI, IMG_0171.AVI";2022-09-20 02:05:54
"206";2022-09-20 09:00:00;"sylvia melanocephala";"IMG_0263.AVI, IMG_0264.AVI";"rulm";"rulm003";"Rev14";"sylvia melanocephala, sylvia melanocephala";"searching for food, searching for food";1;FALSE;"Rulm003_03, Rulm003_03";1;339;8,029467593;8;2;20,499672;-6,45262;36,95993;"rulm003_Rev14_IMG_0263.AVI, IMG_0264.AVI";2022-09-20 09:01:42
"207";2022-09-20 12:40:00;"sylvia melanocephala";"IMG_0070.AVI";"rulm";"rulm008";"Rev14";"sylvia melanocephala";"eating";1;FALSE;"Rulm008_08";1;85;7,987777778;8;1;18,249708;-6,44024;36,98765;"rulm008_Rev14_IMG_0070.AVI";2022-09-20 12:41:28
"208";2022-09-20 18:05:00;"sylvia melanocephala";"IMG_0125.AVI";"rulm";"rulm001";"Rev14";"sylvia melanocephala";"eating";1;FALSE;"Rulm001_01";1;131;8,028587963;8;1;10,249836;-6,45251;36,96007;"rulm001_Rev14_IMG_0125.AVI";2022-09-20 18:05:52
"209";2022-09-21 16:45:00;"sylvia melanocephala";"IMG_0113.AVI";"rulm";"rulm012";"Rev14";"sylvia melanocephala";"searching for food";1;FALSE;"Rulm012_12";1;117;7,991365741;8;1;10,633227;-6,44174;36,98949;"rulm012_Rev14_IMG_0113.AVI";2022-09-21 16:45:22
"210";2022-09-21 17:10:00;"ficedula hypoleuca";"IMG_0337.AVI";"rulm";"rulm003";"Rev14";"ficedula hypoleuca";"probably eating";1;FALSE;"Rulm003_03";1;339;8,029467593;8;1;10,249836;-6,45262;36,95993;"rulm003_Rev14_IMG_0337.AVI";2022-09-21 17:10:32
"211";2022-09-23 20:25:00;"ficedula hypoleuca";"IMG_0224.AVI";"rulm";"rulm003";"Rev15";"ficedula hypoleuca";"searching for food";1;FALSE;"Rulm003_03";1;547;5,274907407;6;1;10,499832;-6,45262;36,95993;"rulm003_Rev15_IMG_0224.AVI";2022-09-23 20:26:08
"212";2022-09-24 08:55:00;"sylvia melanocephala";"IMG_0035.AVI, IMG_0037.AVI, IMG_0038.AVI, IMG_0039.AVI, IMG_0040.AVI";"rulm";"rulm026";"Rev15";"sylvia melanocephala, sylvia melanocephala, sylvia melanocephala, sylvia melanocephala, sylvia melanocephala";"eating, eating, eating, eating, eating";1;FALSE;"Rulm026_26, Rulm026_26, Rulm026_26, Rulm026_26, Rulm026_26";1;214;5,95900463;6;5;120,581404;-6,48226;36,98166;"rulm026_Rev15_IMG_0035.AVI, IMG_0037.AVI, IMG_0038.AVI, IMG_0039.AVI, IMG_0040.AVI";2022-09-24 08:53:26
"213";2022-09-24 09:00:00;"sylvia melanocephala";"IMG_0041.AVI, IMG_0042.AVI";"rulm";"rulm026";"Rev15";"sylvia melanocephala, sylvia melanocephala";"probably eating, eating";1;FALSE;"Rulm026_26, Rulm026_26";1;214;5,95900463;6;2;45,8326;-6,48226;36,98166;"rulm026_Rev15_IMG_0041.AVI, IMG_0042.AVI";2022-09-24 08:58:24
"214";2022-09-24 09:20:00;"sylvia melanocephala";"IMG_0043.AVI, IMG_0044.AVI, IMG_0045.AVI, IMG_0046.AVI, IMG_0047.AVI";"rulm";"rulm026";"Rev15";"sylvia melanocephala, sylvia melanocephala, sylvia melanocephala, sylvia melanocephala, sylvia melanocephala";"eating, eating, eating, eating, eating";1;FALSE;"Rulm026_26, Rulm026_26, Rulm026_26, Rulm026_26, Rulm026_26";1;214;5,95900463;6;5;134,497848;-6,48226;36,98166;"rulm026_Rev15_IMG_0043.AVI, IMG_0044.AVI, IMG_0045.AVI, IMG_0046.AVI, IMG_0047.AVI";2022-09-24 09:18:04
"215";2022-09-24 09:25:00;"sylvia melanocephala";"IMG_0048.AVI, IMG_0049.AVI";"rulm";"rulm026";"Rev15";"sylvia melanocephala, sylvia melanocephala";"eating, eating";1;FALSE;"Rulm026_26, Rulm026_26";1;214;5,95900463;6;2;140,747748;-6,48226;36,98166;"rulm026_Rev15_IMG_0048.AVI, IMG_0049.AVI";2022-09-24 09:23:04
"216";2022-09-24 09:40:00;"sylvia melanocephala";"IMG_0052.AVI";"rulm";"rulm026";"Rev15";"sylvia melanocephala";"eating";1;FALSE;"Rulm026_26";1;214;5,95900463;6;1;82,748676;-6,48226;36,98166;"rulm026_Rev15_IMG_0052.AVI";2022-09-24 09:42:20
"217";2022-09-24 09:45:00;"sylvia melanocephala";"IMG_0053.AVI, IMG_0054.AVI";"rulm";"rulm026";"Rev15";"sylvia melanocephala, sylvia melanocephala";"eating, eating";1;FALSE;"Rulm026_26, Rulm026_26";1;214;5,95900463;6;2;138,497784;-6,48226;36,98166;"rulm026_Rev15_IMG_0053.AVI, IMG_0054.AVI";2022-09-24 09:44:22
"218";2022-09-24 10:00:00;"sylvia melanocephala";"IMG_0169.MP4, IMG_0055.AVI, IMG_0056.AVI, IMG_0057.AVI";"aspa";"aspa019";"Rev15";"sylvia melanocephala, sylvia melanocephala, sylvia melanocephala, sylvia melanocephala";"eating, eating, eating, eating";1;FALSE;"Aspa019_38, Rulm026_26, Rulm026_26, Rulm026_26";1;310,75;5,78747685225;6;4;157,747636;-6,484136023;36,98137103;"aspa019_Rev15_IMG_0169.MP4, IMG_0055.AVI, IMG_0056.AVI, IMG_0057.AVI";2022-09-24 09:58:26
"219";2022-09-24 10:15:00;"sylvia melanocephala";"IMG_0058.AVI";"rulm";"rulm026";"Rev15";"sylvia melanocephala";"eating";1;FALSE;"Rulm026_26";1;214;5,95900463;6;1;74,248812;-6,48226;36,98166;"rulm026_Rev15_IMG_0058.AVI";2022-09-24 10:14:36
"220";2022-09-24 10:30:00;"sylvia melanocephala";"IMG_0062.AVI";"rulm";"rulm026";"Rev15";"sylvia melanocephala";"probably eating";1;FALSE;"Rulm026_26";1;214;5,95900463;6;1;41,24934;-6,48226;36,98166;"rulm026_Rev15_IMG_0062.AVI";2022-09-24 10:29:36
"221";2022-09-24 12:50:00;"hippolais polyglota";"IMG_0066.AVI";"rulm";"rulm026";"Rev15";"hippolais polyglota";"eating";1;FALSE;"Rulm026_26";1;214;5,95900463;6;1;10,249836;-6,48226;36,98166;"rulm026_Rev15_IMG_0066.AVI";2022-09-24 12:50:12
"222";2022-09-25 08:05:00;"phoenicurus phoenicurus";"IMG_0073.MP4";"aspa";"aspa011";"Rev15";"phoenicurus phoenicurus";"eating";1;FALSE;"Aspa011_28";1;229;5,960208333;6;1;10;-6,474300027;36,98955998;"aspa011_Rev15_IMG_0073.MP4";2022-09-25 08:05:54
"223";2022-09-25 09:05:00;"sylvia melanocephala";"IMG_0122.AVI, IMG_0123.AVI, IMG_0124.AVI";"rulm";"rulm026";"Rev15";"sylvia melanocephala, sylvia melanocephala, sylvia melanocephala";"eating, eating, searching for food";1;FALSE;"Rulm026_26, Rulm026_26, Rulm026_26";1;214;5,95900463;6;3;30,749508;-6,48226;36,98166;"rulm026_Rev15_IMG_0122.AVI, IMG_0123.AVI, IMG_0124.AVI";2022-09-25 09:02:34
"224";2022-09-25 09:25:00;"phoenicurus phoenicurus";"IMG_0363.AVI";"rulm";"rulm003";"Rev15";"phoenicurus phoenicurus";"eating";2;FALSE;"Rulm003_03";1;547;5,274907407;6;2;10,249836;-6,45262;36,95993;"rulm003_Rev15_IMG_0363.AVI";2022-09-25 09:25:56
"225";2022-09-25 09:30:00;"phoenicurus phoenicurus";"IMG_0366.AVI";"rulm";"rulm003";"Rev15";"phoenicurus phoenicurus";"probably eating";1;FALSE;"Rulm003_03";1;547;5,274907407;6;1;10,249836;-6,45262;36,95993;"rulm003_Rev15_IMG_0366.AVI";2022-09-25 09:30:44
"226";2022-09-25 09:45:00;"sylvia communis";"IMG_0368.AVI";"rulm";"rulm003";"Rev15";"sylvia communis";"searching for food";2;FALSE;"Rulm003_03";1;547;5,274907407;6;2;10,249836;-6,45262;36,95993;"rulm003_Rev15_IMG_0368.AVI";2022-09-25 09:44:16
"227";2022-09-25 10:35:00;"sylvia melanocephala";"IMG_0294.MP4";"aspa";"aspa019";"Rev15";"sylvia melanocephala";"probably eating";1;FALSE;"Aspa019_38";1;601;5,272893519;6;1;10;-6,484136023;36,98137103;"aspa019_Rev15_IMG_0294.MP4";2022-09-25 10:33:52
"228";2022-09-25 12:45:00;"sylvia communis";"IMG_0009.MP4";"aspa";"aspa014";"Rev15";"sylvia communis";"probably eating";2;FALSE;"Aspa014_31";1;29;5,858032407;6;2;10;-6,483950028;36,98114002;"aspa014_Rev15_IMG_0009.MP4";2022-09-25 12:46:48
"229";2022-09-25 14:45:00;"sylvia melanocephala";"IMG_0131.AVI, IMG_0132.AVI, IMG_0133.AVI";"rulm";"rulm026";"Rev15";"sylvia melanocephala, sylvia melanocephala, sylvia melanocephala";"eating, eating, eating";1;FALSE;"Rulm026_26, Rulm026_26, Rulm026_26";1;214;5,95900463;6;3;50,915852;-6,48226;36,98166;"rulm026_Rev15_IMG_0131.AVI, IMG_0132.AVI, IMG_0133.AVI";2022-09-25 14:45:20
"230";2022-09-25 17:35:00;"sylvia melanocephala";"IMG_0136.AVI";"rulm";"rulm026";"Rev15";"sylvia melanocephala";"eating";1;FALSE;"Rulm026_26";1;214;5,95900463;6;1;27,207898;-6,48226;36,98166;"rulm026_Rev15_IMG_0136.AVI";2022-09-25 17:33:14
"231";2022-09-26 10:00:00;"sylvia melanocephala";"IMG_0025.AVI";"rulm";"rulm004";"Rev15";"sylvia melanocephala";"searching for food";1;FALSE;"Rulm004_04";1;50;6,116203704;6;1;10,249836;-6,4524;36,96007;"rulm004_Rev15_IMG_0025.AVI";2022-09-26 10:00:10
"232";2022-09-26 12:10:00;"sylvia melanocephala";"IMG_0147.AVI";"rulm";"rulm026";"Rev15";"sylvia melanocephala";"eating";1;FALSE;"Rulm026_26";1;214;5,95900463;6;1;10,249836;-6,48226;36,98166;"rulm026_Rev15_IMG_0147.AVI";2022-09-26 12:09:14
"233";2022-09-26 13:10:00;"sylvia melanocephala";"IMG_0149.AVI, IMG_0150.AVI";"rulm";"rulm026";"Rev15";"sylvia melanocephala, sylvia melanocephala";"eating, eating";1;FALSE;"Rulm026_26, Rulm026_26";1;214;5,95900463;6;2;42,29099;-6,48226;36,98166;"rulm026_Rev15_IMG_0149.AVI, IMG_0150.AVI";2022-09-26 13:07:38
"234";2022-09-26 15:30:00;"saxicola rubicola";"IMG_0472.AVI";"rulm";"rulm003";"Rev15";"saxicola rubicola";"searching for food";1;FALSE;"Rulm003_03";1;547;5,274907407;6;1;10,249836;-6,45262;36,95993;"rulm003_Rev15_IMG_0472.AVI";2022-09-26 15:30:10
"235";2022-09-27 10:55:00;"sylvia melanocephala";"IMG_0491.AVI";"rulm";"rulm003";"Rev15";"sylvia melanocephala";"eating";1;FALSE;"Rulm003_03";1;547;5,274907407;6;1;10,249836;-6,45262;36,95993;"rulm003_Rev15_IMG_0491.AVI";2022-09-27 10:56:28
"236";2022-09-27 12:40:00;"sylvia melanocephala";"IMG_0017.MP4";"aspa";"aspa014";"Rev15";"sylvia melanocephala";"eating";1;FALSE;"Aspa014_31";1;29;5,858032407;6;1;10;-6,483950028;36,98114002;"aspa014_Rev15_IMG_0017.MP4";2022-09-27 12:42:30
"237";2022-09-29 10:15:00;"sylvia hortensis";"IMG_0036.AVI";"rulm";"rulm004";"Rev16";"sylvia hortensis";"probably eating";1;FALSE;"Rulm004_04";1;484;7,224351852;7;1;10,249836;-6,4524;36,96007;"rulm004_Rev16_IMG_0036.AVI";2022-09-29 10:13:38
"238";2022-10-01 15:35:00;"sylvia communis";"IMG_0023.MP4";"aspa";"aspa014";"Rev16";"sylvia communis";"searching for food";1;FALSE;"Aspa014_31";1;65;7,656898148;7;1;10;-6,483950028;36,98114002;"aspa014_Rev16_IMG_0023.MP4";2022-10-01 15:34:18
"239";2022-10-03 13:50:00;"sylvia atricapilla";"IMG_0324.AVI";"rulm";"rulm002";"Rev16";"sylvia atricapilla";"eating";2;FALSE;"Rulm002_02";1;354;7,218310185;7;2;17,49972;-6,4526;36,95985;"rulm002_Rev16_IMG_0324.AVI";2022-10-03 13:47:58
"240";2022-10-24 11:40:00;"erithacus rubecula";"IMG_0005.AVI";"oeur";"oeur012";"Rev09";"erithacus rubecula";"probably eating";1;FALSE;"Oeur012_09";1;7;4,855208333;7;1;10,249836;-6,443773974;37,02393299;"oeur012_Rev09_IMG_0005.AVI";2022-10-24 11:39:14
"241";2022-10-26 13:05:00;"sylvia melanocephala";"IMG_0039.MP4, IMG_0039.MP4";"olan";"olan018";"Rev04";"sylvia melanocephala, sylvia melanocephala";"searching for food, searching for food";1;FALSE;"Olan018_52, Olan018_53, Olan018_52, Olan018_53";2;114;13,12525463;14;2;20;-6,534600025;37,01724297;"olan018_Rev04_IMG_0039.MP4, IMG_0039.MP4";2022-10-26 13:06:04
"242";2022-11-03 18:55:00;"sylvia melanocephala";"IMG_0005.MP4";"aspa";"aspa015";"Rev20";"sylvia melanocephala";"probably eating";1;FALSE;"Aspa015_32";1;459;5,951643519;6;1;10;-6,48370997;36,98072;"aspa015_Rev20_IMG_0005.MP4";2022-11-03 18:53:08
"243";2022-11-06 14:35:00;"sylvia melanocephala";"IMG_0352.AVI, IMG_0353.AVI";"olan";"olan015";"Rev06";"sylvia melanocephala, sylvia melanocephala";"searching for food, probably eating";1;FALSE;"Olan015_22, Olan015_22";1;492;3,759513889;6;2;20,62467;-6,53216701;37,01616397;"olan015_Rev06_IMG_0352.AVI, IMG_0353.AVI";2022-11-06 14:34:56
"244";2022-11-06 14:40:00;"sylvia melanocephala";"IMG_0355.AVI";"olan";"olan015";"Rev06";"sylvia melanocephala";"eating";1;FALSE;"Olan015_22";1;492;3,759513889;6;1;24,499608;-6,53216701;37,01616397;"olan015_Rev06_IMG_0355.AVI";2022-11-06 14:38:22
"245";2022-11-06 17:40:00;"sylvia melanocephala";"IMG_0464.AVI";"olan";"olan015";"Rev06";"sylvia melanocephala";"eating";1;FALSE;"Olan015_22";1;492;3,759513889;6;1;10,499832;-6,53216701;37,01616397;"olan015_Rev06_IMG_0464.AVI";2022-11-06 17:41:38
"246";2022-11-06 18:05:00;"sylvia atricapilla";"IMG_0205.AVI";"sasp";"sasp008";"Rev20";"sylvia atricapilla";"eating";1;FALSE;"Sasp008_07";1;412;6,048634259;6;1;10,291502;-6,450730031;36,99195997;"sasp008_Rev20_IMG_0205.AVI";2022-11-06 18:06:36
"247";2022-11-07 17:25:00;"sylvia melanocephala";"IMG_0010.MP4, IMG_0010.MP4";"olan";"olan018";"Rev06";"sylvia melanocephala, sylvia melanocephala";"eating, eating";1;FALSE;"Olan018_52, Olan018_53, Olan018_52, Olan018_53";2;38;11,717037037;12;2;20;-6,534600025;37,01724297;"olan018_Rev06_IMG_0010.MP4, IMG_0010.MP4";2022-11-07 17:22:54
"248";2022-11-09 14:20:00;"sylvia melanocephala";"IMG_0002.MP4";"aspa";"aspa016";"Rev21";"sylvia melanocephala";"probably eating";1;FALSE;"Aspa016_35";1;15;6,227847222;6;1;10;-6,444119979;37,00121996;"aspa016_Rev21_IMG_0002.MP4";2022-11-09 14:19:50
"249";2022-11-28 13:20:00;"sylvia undata";"IMG_0107.MP4";"aspa";"aspa020";"Rev23";"sylvia undata";"eating";1;FALSE;"Aspa020_61";1;195;5,015069444;5;1;20;-6,484081959;36,98135401;"aspa020_Rev23_IMG_0107.MP4";2022-11-28 13:21:44
"250";2022-11-29 10:05:00;"sylvia melanocephala";"IMG_0018.MP4";"aspa";"aspa025";"Rev23";"sylvia melanocephala";"eating";1;FALSE;"Aspa025_28";1;29;5,016643519;5;1;10;-6,446081009;36,96463899;"aspa025_Rev23_IMG_0018.MP4";2022-11-29 10:06:46
"251";2022-11-29 11:15:00;"sylvia melanocephala";"IMG_0139.MP4";"aspa";"aspa020";"Rev23";"sylvia melanocephala";"eating";1;FALSE;"Aspa020_61";1;195;5,015069444;5;1;10;-6,484081959;36,98135401;"aspa020_Rev23_IMG_0139.MP4";2022-11-29 11:15:00
"252";2022-12-06 14:05:00;"hippolais polyglota";"IMG_0478.AVI";"sasp";"sasp012";"Rev24";"hippolais polyglota";"probably eating";1;FALSE;"Sasp012_17";1;480;11,16384259;9;1;10,249836;-6,451200005;36,989463;"sasp012_Rev24_IMG_0478.AVI";2022-12-06 14:03:58
"253";2022-12-16 18:00:00;"fringilla coelebs";"IMG_0007.MP4, IMG_0007.MP4";"aune";"aune019";"Rev17";"fringilla coelebs, fringilla coelebs";"eating, eating";1;FALSE;"Aune019_34, Aune019_57, Aune019_34, Aune019_57";2;156;10,046828704;10;2;20;-6,479714988;37,02375202;"aune019_Rev17_IMG_0007.MP4, IMG_0007.MP4";2022-12-16 18:00:34
"254";2022-12-17 09:05:00;"turdus merula";"IMG_0016.MP4, IMG_0016.MP4";"aune";"aune019";"Rev17";"turdus merula, turdus merula";"eating, eating";1;TRUE;"Aune019_34, Aune019_57, Aune019_34, Aune019_57";2;156;10,046828704;10;2;20;-6,479714988;37,02375202;"aune019_Rev17_IMG_0016.MP4, IMG_0016.MP4";2022-12-17 09:06:58
"255";2022-12-17 09:05:00;"turdus philomelos";"IMG_0016.MP4, IMG_0016.MP4";"aune";"aune019";"Rev17";"turdus philomelos, turdus philomelos";"eating, eating";1;TRUE;"Aune019_34, Aune019_57, Aune019_34, Aune019_57";2;156;10,046828704;10;2;20;-6,479714988;37,02375202;"aune019_Rev17_IMG_0016.MP4, IMG_0016.MP4";2022-12-17 09:06:58
"256";2022-12-17 09:25:00;"turdus merula";"IMG_0012.MP4, IMG_0012.MP4";"aune";"aune019";"Rev17";"turdus merula, turdus merula";"probably eating, probably eating";1;FALSE;"Aune019_34, Aune019_57, Aune019_34, Aune019_57";2;156;10,046828704;10;2;20;-6,479714988;37,02375202;"aune019_Rev17_IMG_0012.MP4, IMG_0012.MP4";2022-12-17 09:27:24
"257";2022-12-17 13:35:00;"fringilla coelebs";"IMG_0023.MP4, IMG_0023.MP4";"aune";"aune019";"Rev17";"fringilla coelebs, fringilla coelebs";"eating, eating";1;TRUE;"Aune019_34, Aune019_57, Aune019_34, Aune019_57";2;156;10,046828704;10;2;20;-6,479714988;37,02375202;"aune019_Rev17_IMG_0023.MP4, IMG_0023.MP4";2022-12-17 13:35:44
"258";2022-12-17 13:35:00;"turdus philomelos";"IMG_0023.MP4, IMG_0023.MP4";"aune";"aune019";"Rev17";"turdus philomelos, turdus philomelos";"probably eating, probably eating";1;TRUE;"Aune019_34, Aune019_57, Aune019_34, Aune019_57";2;156;10,046828704;10;2;20;-6,479714988;37,02375202;"aune019_Rev17_IMG_0023.MP4, IMG_0023.MP4";2022-12-17 13:35:44
"259";2022-12-18 10:50:00;"erithacus rubecula";"IMG_0040.MP4, IMG_0040.MP4";"aune";"aune019";"Rev17";"erithacus rubecula, erithacus rubecula";"eating, eating";1;FALSE;"Aune019_34, Aune019_57, Aune019_34, Aune019_57";2;156;10,046828704;10;2;38;-6,479714988;37,02375202;"aune019_Rev17_IMG_0040.MP4, IMG_0040.MP4";2022-12-18 10:49:34
"260";2022-12-18 11:40:00;"turdus philomelos";"IMG_0038.MP4, IMG_0038.MP4";"aune";"aune019";"Rev17";"turdus philomelos, turdus philomelos";"eating, eating";1;FALSE;"Aune019_34, Aune019_57, Aune019_34, Aune019_57";2;156;10,046828704;10;2;36;-6,479714988;37,02375202;"aune019_Rev17_IMG_0038.MP4, IMG_0038.MP4";2022-12-18 11:40:56
"261";2022-12-18 13:35:00;"turdus merula";"IMG_0220.MP4";"mcom";"mcom002";"Rev20";"turdus merula";"eating";1;FALSE;"Mcom002_33";1;225;5,008206019;5;1;10;-6,473669959;36,98978;"mcom002_Rev20_IMG_0220.MP4";2022-12-18 13:32:48
"262";2022-12-18 18:50:00;"turdus merula";"IMG_0052.MP4, IMG_0052.MP4";"aune";"aune019";"Rev17";"turdus merula, turdus merula";"searching for food, searching for food";1;FALSE;"Aune019_34, Aune019_57, Aune019_34, Aune019_57";2;156;10,046828704;10;2;34;-6,479714988;37,02375202;"aune019_Rev17_IMG_0052.MP4, IMG_0052.MP4";2022-12-18 18:52:00
"263";2022-12-26 15:45:00;"chloris chloris";"IMG_0010.MP4";"mcom";"mcom002";"Rev21";"chloris chloris";"eating";1;FALSE;"Mcom002_33";1;28;21,93666667;22;1;10;-6,473669959;36,98978;"mcom002_Rev21_IMG_0010.MP4";2022-12-26 15:45:54
"264";2022-12-27 10:40:00;"sylvia melanocephala";"IMG_0343.AVI";"sasp";"sasp013";"Rev27";"sylvia melanocephala";"probably eating";1;FALSE;"Sasp013_18";1;432;35,96037037;7;1;10,4165;-6,451192042;36,98948404;"sasp013_Rev27_IMG_0343.AVI";2022-12-27 10:40:04
"265";2022-12-27 19:40:00;"meles meles";"IMG_0172.AVI, IMG_0172.AVI";"aune";"aune017";"Rev18";"meles meles, meles meles";"probably eating, probably eating";1;FALSE;"Aune017_03, Aune017_61, Aune017_03, Aune017_61";2;564;40,256875;44;2;20,749668;-6,441177009;37,01973097;"aune017_Rev18_IMG_0172.AVI, IMG_0172.AVI";2022-12-27 19:37:30
"266";2022-12-29 16:25:00;"turdus philomelos";"IMG_0119.MP4, IMG_0119.MP4";"aune";"aune019";"Rev18";"turdus philomelos, turdus philomelos";"probably eating, probably eating";1;FALSE;"Aune019_34, Aune019_57, Aune019_34, Aune019_57";2;938;39,97689814;44;2;20;-6,479714988;37,02375202;"aune019_Rev18_IMG_0119.MP4, IMG_0119.MP4";2022-12-29 16:26:20
"267";2023-01-03 13:35:00;"turdus philomelos";"IMG_0093.MP4, IMG_0093.MP4";"aune";"aune018";"Rev18";"turdus philomelos, turdus philomelos";"eating, eating";1;FALSE;"Aune018_56, Aune018_66, Aune018_56, Aune018_66";2;246;43,00300926;44;2;20;-6,479859995;37,02383199;"aune018_Rev18_IMG_0093.MP4, IMG_0093.MP4";2023-01-03 13:36:28
"268";2023-01-13 01:15:00;"turdus merula";"IMG_0022.MP4, IMG_0022.MP4, IMG_0023.MP4, IMG_0023.MP4";"aune";"aune010";"Rev19";"turdus merula, turdus merula, turdus merula, turdus merula";"probably eating, probably eating, probably eating, probably eating";1;TRUE;"Aune010_62, Aune010_63, Aune010_62, Aune010_63, Aune010_62, Aune010_63, Aune010_62, Aune010_63";2;159;13,878912037;14;4;40;-6,479979018;37,02355103;"aune010_Rev19_IMG_0022.MP4, IMG_0022.MP4, IMG_0023.MP4, IMG_0023.MP4";2023-01-13 01:14:58
"269";2023-01-13 01:15:00;"turdus viscivorus";"IMG_0022.MP4, IMG_0022.MP4, IMG_0023.MP4, IMG_0023.MP4";"aune";"aune010";"Rev19";"turdus viscivorus, turdus viscivorus, turdus viscivorus, turdus viscivorus";"probably eating, probably eating, searching for food, searching for food";1;TRUE;"Aune010_62, Aune010_63, Aune010_62, Aune010_63, Aune010_62, Aune010_63, Aune010_62, Aune010_63";2;159;13,878912037;14;4;40;-6,479979018;37,02355103;"aune010_Rev19_IMG_0022.MP4, IMG_0022.MP4, IMG_0023.MP4, IMG_0023.MP4";2023-01-13 01:14:58
"270";2023-01-18 13:30:00;"sylvia atricapilla";"IMG_0095.MP4, IMG_0095.MP4";"olan";"olan018";"Rev13";"sylvia atricapilla, sylvia atricapilla";"probably eating, probably eating";1;FALSE;"Olan018_52, Olan018_53, Olan018_52, Olan018_53";2;728;12,263101852;14;2;20;-6,534600025;37,01724297;"olan018_Rev13_IMG_0095.MP4, IMG_0095.MP4";2023-01-18 13:29:06
"271";2023-01-22 11:15:00;"sylvia atricapilla";"IMG_0152.MP4, IMG_0152.MP4";"aune";"aune017";"Rev20";"sylvia atricapilla, sylvia atricapilla";"probably eating, probably eating";1;FALSE;"Aune017_03, Aune017_61, Aune017_03, Aune017_61";2;550;14,121921296;14;2;20;-6,441177009;37,01973097;"aune017_Rev20_IMG_0152.MP4, IMG_0152.MP4";2023-01-22 11:16:48
"272";2023-01-25 23:30:00;"turdus viscivorus";"IMG_0144.MP4, IMG_0144.MP4";"aune";"aune010";"Rev20";"turdus viscivorus, turdus viscivorus";"probably eating, probably eating";1;FALSE;"Aune010_62, Aune010_63, Aune010_62, Aune010_63";2;164;14,131157407;14;2;20;-6,479979018;37,02355103;"aune010_Rev20_IMG_0144.MP4, IMG_0144.MP4";2023-01-25 23:29:20
"273";2023-01-27 13:25:00;"turdus philomelos";"IMG_0007.MP4, IMG_0007.MP4";"aune";"aune019";"Rev21";"turdus philomelos, turdus philomelos";"searching for food, searching for food";1;FALSE;"Aune019_34, Aune019_57, Aune019_34, Aune019_57";2;66;13,201643519;14;2;20;-6,479714988;37,02375202;"aune019_Rev21_IMG_0007.MP4, IMG_0007.MP4";2023-01-27 13:25:24
"274";2023-02-05 12:45:00;"turdus merula";"IMG_0154.MP4, IMG_0155.MP4";"mcom";"mcom012";"Rev25";"turdus merula, turdus merula";"eating, eating";1;FALSE;"Mcom012_33, Mcom012_33";1;302;6,074212963;6;2;20;-6,482340032;36,98154998;"mcom012_Rev25_IMG_0154.MP4, IMG_0155.MP4";2023-02-05 12:43:18
